"","sample","X1","X2","X3","X4","X5","X6","X7","X8","X9","X10","X11","X12","X13","X14","X15"
"Innoculation","Innoculation","MOC_Lung","MOC_Lung","MOC_Lung","MOC_Lung","MOC_Lung","PBS_Lung","PBS_Lung","PBS_Lung","PBS_Lung","PBS_Lung","MOC_Oral","MOC_Oral","MOC_Oral","MOC_Oral","MOC_Oral"
"map00010..Glycolysis...Gluconeogenesis","map00010..Glycolysis...Gluconeogenesis","16887"," 4389","14427","12383","18393","11189","16714","14188","46762","40290","28687","32318","19664","24812","18477"
"map00020..Citrate.cycle..TCA.cycle.","map00020..Citrate.cycle..TCA.cycle."," 9159"," 2293"," 6281"," 6368"," 9379"," 5719"," 8797"," 7554","23575","20172","15227","16664","10201","12081"," 9327"
"map00030..Pentose.phosphate.pathway","map00030..Pentose.phosphate.pathway"," 5278"," 1360"," 4148"," 3852"," 5582"," 2973"," 4317"," 3502","13106","10236"," 7780"," 8249"," 5990"," 6053"," 4754"
"map00040..Pentose.and.glucuronate.interconversions","map00040..Pentose.and.glucuronate.interconversions","2260"," 863","2427","1805","3320","2807","3613","2852","8798","7524","5940","6215","2359","4650","3310"
"map00051..Fructose.and.mannose.metabolism","map00051..Fructose.and.mannose.metabolism","2120"," 628","1836","1787","2577","1761","2348","1933","6039","5329","3913","4074","2320","3162","2265"
"map00052..Galactose.metabolism","map00052..Galactose.metabolism","1407"," 330","1009","1110","1602"," 795","1339"," 964","3545","3096","2348","2454","1444","1850","1448"
"map00053..Ascorbate.and.aldarate.metabolism","map00053..Ascorbate.and.aldarate.metabolism"," 5076"," 1417"," 5058"," 3715"," 7202"," 4663"," 7031"," 5468","19454","17519","11634","14078"," 5483","11175"," 8063"
"map00061..Fatty.acid.biosynthesis","map00061..Fatty.acid.biosynthesis"," 910"," 233"," 741"," 706","1046"," 685"," 989"," 821","2568","2225","1760","1964","1006","1609","1169"
"map00062..Fatty.acid.elongation","map00062..Fatty.acid.elongation"," 466"," 118"," 421"," 328"," 463"," 315"," 503"," 387","1276","1046"," 838"," 856"," 477"," 638"," 473"
"map00071..Fatty.acid.degradation","map00071..Fatty.acid.degradation"," 7821"," 2257"," 7820"," 5933","10371"," 6701","10043"," 8027","27036","24207","17133","19727"," 8616","15404","11314"
"map00072..Synthesis.and.degradation.of.ketone.bodies","map00072..Synthesis.and.degradation.of.ketone.bodies","1219"," 294"," 914"," 844","1252"," 802","1164"," 952","2936","2532","1970","2138","1228","1513","1224"
"map00073..Cutin..suberine.and.wax.biosynthesis","map00073..Cutin..suberine.and.wax.biosynthesis","2","0","2","0","3","2","2","2","8","3","4","1","3","2","2"
"map00100..Steroid.biosynthesis","map00100..Steroid.biosynthesis"," 636"," 117"," 328"," 372"," 523"," 286"," 364"," 359","1220"," 953"," 664"," 729"," 510"," 554"," 459"
"map00120..Primary.bile.acid.biosynthesis","map00120..Primary.bile.acid.biosynthesis","245"," 56","174","202","295","168","269","173","644","568","400","457","292","418","278"
"map00121..Secondary.bile.acid.biosynthesis","map00121..Secondary.bile.acid.biosynthesis","0","0","0","0","0","0","0","0","0","0","0","0","0","0","0"
"map00130..Ubiquinone.and.other.terpenoid.quinone.biosynthesis","map00130..Ubiquinone.and.other.terpenoid.quinone.biosynthesis","154"," 28","235"," 99","160","101","102","116","368","333","289","240","137","186","134"
"map00140..Steroid.hormone.biosynthesis","map00140..Steroid.hormone.biosynthesis","119"," 42","115"," 90","199","195","225","163","473","452","391","347"," 93","265","190"
"map00190..Oxidative.phosphorylation","map00190..Oxidative.phosphorylation"," 88260"," 31202"," 84369"," 75099","124476"," 80351","109587"," 99489","202123","169142","123621","132925"," 82699","106876"," 78991"
"map00195..Photosynthesis","map00195..Photosynthesis","3052"," 650","1713","2081","2843","1641","2624","2431","7134","6115","4161","5029","3369","3571","2749"
"map00196..Photosynthesis...antenna.proteins","map00196..Photosynthesis...antenna.proteins","0","0","0","0","0","0","1","0","0","0","0","0","0","0","0"
"map00220..Arginine.biosynthesis","map00220..Arginine.biosynthesis","2181"," 474","1673","1640","2582","1181","1921","1507","5532","4755","3442","4148","2221","2856","2202"
"map00230..Purine.metabolism","map00230..Purine.metabolism"," 7646"," 1800"," 5107"," 5951"," 8437"," 4166"," 6585"," 5130","19338","15454","11301","12340"," 8708","10037"," 7428"
"map00232..Caffeine.metabolism","map00232..Caffeine.metabolism","1455"," 351"," 974","1203","1809"," 613"," 966"," 664","3100","2216","1819","1785","1410","1835","1290"
"map00240..Pyrimidine.metabolism","map00240..Pyrimidine.metabolism","2777"," 641","1560","2003","2847","1277","2124","1642","6083","5106","3656","4092","3368","2971","2249"
"map00250..Alanine..aspartate.and.glutamate.metabolism","map00250..Alanine..aspartate.and.glutamate.metabolism","3265"," 767","2545","2422","3806","1843","2952","2303","8881","7420","5336","6208","3443","4284","3307"
"map00253..Tetracycline.biosynthesis","map00253..Tetracycline.biosynthesis","0","0","0","0","0","1","0","0","0","0","1","0","0","0","0"
"map00254..Aflatoxin.biosynthesis","map00254..Aflatoxin.biosynthesis","254"," 53","208","162","274","161","225","195","784","536","526","501","273","384","322"
"map00260..Glycine..serine.and.threonine.metabolism","map00260..Glycine..serine.and.threonine.metabolism","2884"," 679","2228","2075","2806","1885","2585","2121","6711","5799","4907","5567","2571","3461","2540"
"map00261..Monobactam.biosynthesis","map00261..Monobactam.biosynthesis","31"," 6","23","20","28","20","28","25","72","65","55","70","18","57","37"
"map00270..Cysteine.and.methionine.metabolism","map00270..Cysteine.and.methionine.metabolism"," 3471","  974"," 2470"," 2630"," 4543"," 1924"," 3076"," 2685","10332"," 7570"," 5435"," 5710"," 3811"," 4065"," 3265"
"map00280..Valine..leucine.and.isoleucine.degradation","map00280..Valine..leucine.and.isoleucine.degradation"," 9218"," 2526"," 8527"," 6914","11857"," 7577","11460"," 9136","30595","27338","19632","22507"," 9835","17369","12846"
"map00281..Geraniol.degradation","map00281..Geraniol.degradation"," 871"," 302"," 949"," 734","1042"," 643","1064"," 858","2466","2168","1748","1718","1094","1355"," 991"
"map00290..Valine..leucine.and.isoleucine.biosynthesis","map00290..Valine..leucine.and.isoleucine.biosynthesis"," 67"," 13"," 57"," 54"," 65"," 41"," 73"," 46","179","134","117","122"," 74"," 93"," 58"
"map00300..Lysine.biosynthesis","map00300..Lysine.biosynthesis"," 89"," 30"," 53"," 63","112"," 66"," 71"," 81","214","195","137","124"," 96","124","106"
"map00310..Lysine.degradation","map00310..Lysine.degradation"," 5838"," 1650"," 5871"," 4361"," 8205"," 5306"," 8018"," 6401","21673","19640","13336","15970"," 6372","12523"," 9072"
"map00311..Penicillin.and.cephalosporin.biosynthesis","map00311..Penicillin.and.cephalosporin.biosynthesis","2","1","6","0","0","1","5","0","1","3","1","1","1","2","2"
"map00330..Arginine.and.proline.metabolism","map00330..Arginine.and.proline.metabolism"," 6309"," 1698"," 5769"," 4650"," 8575"," 5296"," 8087"," 6494","22229","20172","13514","16221"," 6786","12551"," 9144"
"map00332..Carbapenem.biosynthesis","map00332..Carbapenem.biosynthesis","36"," 4","13","15","31","15","24","21","82","66","31","40","61","22","13"
"map00333..Prodigiosin.biosynthesis","map00333..Prodigiosin.biosynthesis","222"," 57","226","193","312","205","338","234","751","784","545","720","254","675","410"
"map00340..Histidine.metabolism","map00340..Histidine.metabolism"," 5234"," 1459"," 5159"," 3731"," 7606"," 4985"," 7426"," 5779","20561","18584","12336","15141"," 5347","11818"," 8606"
"map00350..Tyrosine.metabolism","map00350..Tyrosine.metabolism","2174"," 607","2158","1532","2487","1551","2338","1849","6591","5756","4332","4823","2271","3570","2773"
"map00360..Phenylalanine.metabolism","map00360..Phenylalanine.metabolism","2104"," 588","1985","1533","2565","1575","2284","1981","6412","5661","4182","4737","2037","3531","2663"
"map00361..Chlorocyclohexane.and.chlorobenzene.degradation","map00361..Chlorocyclohexane.and.chlorobenzene.degradation","3","1","4","2","0","4","4","4","7","8","8","6","3","7","8"
"map00362..Benzoate.degradation","map00362..Benzoate.degradation","1376"," 420","1441","1119","1634","1013","1546","1294","3886","3531","2685","2823","1517","2149","1582"
"map00364..Fluorobenzoate.degradation","map00364..Fluorobenzoate.degradation","3","0","0","0","1","2","1","2","2","5","5","2","1","5","4"
"map00365..Furfural.degradation","map00365..Furfural.degradation","0","0","1","0","0","0","0","0","0","0","0","0","0","0","0"
"map00380..Tryptophan.metabolism","map00380..Tryptophan.metabolism"," 6998"," 1989"," 6751"," 5161"," 9832"," 6271"," 9339"," 7375","25235","22191","15538","18337"," 7191","14205","10298"
"map00400..Phenylalanine..tyrosine.and.tryptophan.biosynthesis","map00400..Phenylalanine..tyrosine.and.tryptophan.biosynthesis","352"," 73","277","270","296","170","260","317","795","677","511","578","444","413","311"
"map00401..Novobiocin.biosynthesis","map00401..Novobiocin.biosynthesis","16"," 1","17"," 8","20"," 8","20","12","56","20","22","37","19","23","10"
"map00404..Staurosporine.biosynthesis","map00404..Staurosporine.biosynthesis","0","0","0","0","0","1","0","0","0","2","0","1","0","0","0"
"map00405..Phenazine.biosynthesis","map00405..Phenazine.biosynthesis","3","0","1","2","1","0","0","1","6","3","0","3","1","0","0"
"map00410..beta.Alanine.metabolism","map00410..beta.Alanine.metabolism"," 6153"," 1793"," 6178"," 4492"," 8787"," 5911"," 8839"," 6807","24135","21926","14862","17865"," 6577","13850","10137"
"map00430..Taurine.and.hypotaurine.metabolism","map00430..Taurine.and.hypotaurine.metabolism"," 52"," 24"," 44"," 41"," 74"," 51"," 58"," 41","147","143"," 89","102"," 66"," 72"," 51"
"map00440..Phosphonate.and.phosphinate.metabolism","map00440..Phosphonate.and.phosphinate.metabolism","170"," 34"," 58","112","171"," 83","178","109","405","320","242","302","157","239","168"
"map00450..Selenocompound.metabolism","map00450..Selenocompound.metabolism"," 410","  89"," 211"," 301"," 386"," 217"," 341"," 259","1052"," 970"," 683"," 771"," 435"," 530"," 408"
"map00460..Cyanoamino.acid.metabolism","map00460..Cyanoamino.acid.metabolism","120"," 31","123","118","136"," 57"," 90","103","306","309","223","212","207","166","119"
"map00471..D.Glutamine.and.D.glutamate.metabolism","map00471..D.Glutamine.and.D.glutamate.metabolism","269"," 82","195","180","286","143","254","199","769","703","452","509","271","362","270"
"map00472..D.Arginine.and.D.ornithine.metabolism","map00472..D.Arginine.and.D.ornithine.metabolism","4","0","8","0","0","0","5","0","1","6","1","1","0","2","2"
"map00473..D.Alanine.metabolism","map00473..D.Alanine.metabolism","1","0","1","0","7","0","2","0","1","0","5","0","0","2","0"
"map00480..Glutathione.metabolism","map00480..Glutathione.metabolism"," 6685"," 1825"," 5018"," 4954"," 8123"," 3851"," 5663"," 4529","16675","12274"," 9219"," 9678"," 7167"," 7302"," 5452"
"map00500..Starch.and.sucrose.metabolism","map00500..Starch.and.sucrose.metabolism","3469"," 901","2864","2463","3590","1926","3069","2671","8502","7065","5455","6049","3752","4352","3296"
"map00510..N.Glycan.biosynthesis","map00510..N.Glycan.biosynthesis","2029"," 357"," 943","1369","1875"," 978","1774","1179","5110","4272","2924","3889","2135","2647","2104"
"map00511..Other.glycan.degradation","map00511..Other.glycan.degradation"," 486"," 127"," 389"," 369"," 551"," 271"," 450"," 349","1301","1072"," 939"," 945"," 587"," 727"," 531"
"map00513..Various.types.of.N.glycan.biosynthesis","map00513..Various.types.of.N.glycan.biosynthesis","1481"," 271"," 689","1047","1375"," 740","1314"," 899","3716","3111","2124","2887","1588","1975","1541"
"map00514..Other.types.of.O.glycan.biosynthesis","map00514..Other.types.of.O.glycan.biosynthesis","22"," 8","22","19","44","23","39","28","97","78","65","82","49","65","49"
"map00515..Mannose.type.O.glycan.biosynthesis","map00515..Mannose.type.O.glycan.biosynthesis","18"," 5","12","12","28","15","28","18","57","52","39","49","34","35","30"
"map00520..Amino.sugar.and.nucleotide.sugar.metabolism","map00520..Amino.sugar.and.nucleotide.sugar.metabolism"," 4108"," 1099"," 3254"," 3098"," 4401"," 2222"," 3543"," 2716","10066"," 7903"," 6046"," 6347"," 4663"," 4616"," 3635"
"map00521..Streptomycin.biosynthesis","map00521..Streptomycin.biosynthesis"," 573"," 134"," 355"," 400"," 652"," 278"," 485"," 383","1327","1089"," 786"," 844"," 599"," 635"," 531"
"map00522..Biosynthesis.of.12...14..and.16.membered.macrolides","map00522..Biosynthesis.of.12...14..and.16.membered.macrolides","0","0","0","0","1","0","0","0","0","0","0","0","0","0","0"
"map00523..Polyketide.sugar.unit.biosynthesis","map00523..Polyketide.sugar.unit.biosynthesis"," 53"," 14"," 57"," 36"," 62"," 29"," 55"," 35","136","109"," 73"," 88"," 63"," 67"," 51"
"map00524..Neomycin..kanamycin.and.gentamicin.biosynthesis","map00524..Neomycin..kanamycin.and.gentamicin.biosynthesis","141"," 32"," 69","124","190"," 54"," 98"," 66","278","167","139","175","127","105"," 90"
"map00525..Acarbose.and.validamycin.biosynthesis","map00525..Acarbose.and.validamycin.biosynthesis","22","10","46","16","38","11","18","19","60","44","31","36","39","27","22"
"map00531..Glycosaminoglycan.degradation","map00531..Glycosaminoglycan.degradation"," 445"," 110"," 353"," 333"," 441"," 287"," 398"," 302","1147"," 992"," 807"," 797"," 529"," 605"," 433"
"map00532..Glycosaminoglycan.biosynthesis...chondroitin.sulfate...dermatan.sulfate","map00532..Glycosaminoglycan.biosynthesis...chondroitin.sulfate...dermatan.sulfate","0","0","0","0","1","0","0","0","1","1","0","1","1","0","0"
"map00534..Glycosaminoglycan.biosynthesis...heparan.sulfate...heparin","map00534..Glycosaminoglycan.biosynthesis...heparan.sulfate...heparin","3","0","1","2","1","0","0","1","3","5","1","1","1","0","2"
"map00540..Lipopolysaccharide.biosynthesis","map00540..Lipopolysaccharide.biosynthesis","3","0","0","4","6","4","1","2","3","4","7","5","2","4","4"
"map00541..O.Antigen.nucleotide.sugar.biosynthesis","map00541..O.Antigen.nucleotide.sugar.biosynthesis"," 590"," 147"," 444"," 479"," 568"," 340"," 529"," 395","1611","1219"," 856"," 936"," 684"," 693"," 526"
"map00550..Peptidoglycan.biosynthesis","map00550..Peptidoglycan.biosynthesis","15"," 0","12"," 5","27","13","14","10","19","20","22","18","10","22"," 8"
"map00561..Glycerolipid.metabolism","map00561..Glycerolipid.metabolism"," 5451"," 1467"," 5284"," 3965"," 7659"," 4851"," 7258"," 5622","19948","18054","12115","14557"," 5731","11545"," 8349"
"map00562..Inositol.phosphate.metabolism","map00562..Inositol.phosphate.metabolism","1534"," 376","1100","1113","1556","1064","1505","1197","4435","3917","2774","3150","1752","2338","1791"
"map00563..Glycosylphosphatidylinositol..GPI..anchor.biosynthesis","map00563..Glycosylphosphatidylinositol..GPI..anchor.biosynthesis","341"," 74","208","254","305","173","285","178","873","727","530","573","380","442","300"
"map00564..Glycerophospholipid.metabolism","map00564..Glycerophospholipid.metabolism","1289"," 310"," 897"," 958","1515"," 870","1360","1034","3887","3160","2587","2868","1427","2130","1546"
"map00565..Ether.lipid.metabolism","map00565..Ether.lipid.metabolism","357"," 79","192","258","357","198","334","273","980","789","630","738","381","480","406"
"map00571..Lipoarabinomannan..LAM..biosynthesis","map00571..Lipoarabinomannan..LAM..biosynthesis","0","0","0","0","0","0","0","0","2","1","0","1","0","1","0"
"map00572..Arabinogalactan.biosynthesis...Mycobacterium","map00572..Arabinogalactan.biosynthesis...Mycobacterium","1","0","0","0","1","0","0","0","0","0","3","1","0","0","0"
"map00590..Arachidonic.acid.metabolism","map00590..Arachidonic.acid.metabolism","1915"," 592","2452","1604","2399","1546","2155","1599","4972","4450","3310","3470","2031","2958","1951"
"map00591..Linoleic.acid.metabolism","map00591..Linoleic.acid.metabolism"," 63","  8"," 30"," 26"," 49"," 51"," 50"," 47","156","119"," 80","100"," 63"," 74"," 59"
"map00592..alpha.Linolenic.acid.metabolism","map00592..alpha.Linolenic.acid.metabolism"," 561"," 158"," 502"," 498"," 656"," 394"," 583"," 423","1496","1220"," 976"," 965"," 637"," 736"," 556"
"map00600..Sphingolipid.metabolism","map00600..Sphingolipid.metabolism"," 847"," 175"," 552"," 577"," 936"," 441"," 718"," 556","2084","1761","1340","1389"," 924","1063"," 789"
"map00601..Glycosphingolipid.biosynthesis...lacto.and.neolacto.series","map00601..Glycosphingolipid.biosynthesis...lacto.and.neolacto.series","0","0","0","0","0","0","0","0","1","0","0","0","0","1","0"
"map00603..Glycosphingolipid.biosynthesis...globo.and.isoglobo.series","map00603..Glycosphingolipid.biosynthesis...globo.and.isoglobo.series","200"," 47","145","140","163","110","141","121","445","383","354","311","196","252","200"
"map00604..Glycosphingolipid.biosynthesis...ganglio.series","map00604..Glycosphingolipid.biosynthesis...ganglio.series","115"," 33"," 90","104"," 83"," 74"," 97"," 82","316","250","231","213","144","162","115"
"map00620..Pyruvate.metabolism","map00620..Pyruvate.metabolism"," 8615"," 2247"," 7678"," 6312","11055"," 6955","10488"," 8629","28689","25290","17583","20591"," 9452","15717","11682"
"map00621..Dioxin.degradation","map00621..Dioxin.degradation","2","0","0","1","1","1","0","0","1","1","2","0","0","1","0"
"map00622..Xylene.degradation","map00622..Xylene.degradation","143"," 39","128"," 96","198","140","237","181","660","579","368","461","164","379","259"
"map00623..Toluene.degradation","map00623..Toluene.degradation"," 26"," 19"," 62"," 21"," 39"," 31"," 42"," 31","104"," 82"," 94"," 79"," 42"," 76"," 60"
"map00624..Polycyclic.aromatic.hydrocarbon.degradation","map00624..Polycyclic.aromatic.hydrocarbon.degradation","1","0","0","1","1","1","0","0","0","1","2","0","0","1","0"
"map00625..Chloroalkane.and.chloroalkene.degradation","map00625..Chloroalkane.and.chloroalkene.degradation"," 4704"," 1352"," 4928"," 3424"," 6865"," 4531"," 6810"," 5291","18723","17021","11429","13849"," 5142","11001"," 7890"
"map00626..Naphthalene.degradation","map00626..Naphthalene.degradation"," 447"," 162"," 567"," 323"," 511"," 334"," 524"," 373","1348","1218","1045","1037"," 603"," 847"," 611"
"map00627..Aminobenzoate.degradation","map00627..Aminobenzoate.degradation","344","143","475","305","438","273","431","407","967","904","776","719","378","600","410"
"map00630..Glyoxylate.and.dicarboxylate.metabolism","map00630..Glyoxylate.and.dicarboxylate.metabolism"," 6361"," 1594"," 4609"," 4525"," 7274"," 4207"," 6250"," 5230","17143","14158","10821","12198"," 6306"," 8653"," 6723"
"map00633..Nitrotoluene.degradation","map00633..Nitrotoluene.degradation"," 3"," 0"," 1"," 0","13"," 0"," 2"," 0"," 2"," 2"," 4"," 3"," 2"," 3"," 2"
"map00640..Propanoate.metabolism","map00640..Propanoate.metabolism"," 3654"," 1007"," 3058"," 2722"," 4225"," 2648"," 3954"," 3232","10093"," 8766"," 6914"," 7346"," 3948"," 5509"," 4144"
"map00642..Ethylbenzene.degradation","map00642..Ethylbenzene.degradation","164"," 40","139","146","189","102","170","122","464","369","281","299","188","215","172"
"map00643..Styrene.degradation","map00643..Styrene.degradation"," 524"," 125"," 603"," 362"," 670"," 446"," 617"," 500","1864","1642","1219","1337"," 537","1076"," 790"
"map00650..Butanoate.metabolism","map00650..Butanoate.metabolism","2562"," 711","2270","1958","2818","1756","2659","2206","6502","5687","4588","4729","2754","3534","2781"
"map00660..C5.Branched.dibasic.acid.metabolism","map00660..C5.Branched.dibasic.acid.metabolism","341"," 86","208","242","340","214","336","290","828","710","507","616","367","425","302"
"map00670..One.carbon.pool.by.folate","map00670..One.carbon.pool.by.folate"," 968"," 230"," 657"," 687"," 910"," 623"," 858"," 712","2541","2079","1627","1706","1241","1295"," 987"
"map00680..Methane.metabolism","map00680..Methane.metabolism"," 4841"," 1299"," 3726"," 3662"," 4531"," 2571"," 3861"," 3370","10795"," 9334"," 6970"," 7273"," 5829"," 5537"," 4158"
"map00710..Carbon.fixation.in.photosynthetic.organisms","map00710..Carbon.fixation.in.photosynthetic.organisms"," 6702"," 1656"," 5167"," 4882"," 5813"," 3354"," 4798"," 4748","14093","11154"," 8520"," 8586"," 8196"," 6463"," 5041"
"map00720..Carbon.fixation.pathways.in.prokaryotes","map00720..Carbon.fixation.pathways.in.prokaryotes"," 6139"," 1623"," 4375"," 4318"," 6280"," 4024"," 6005"," 5179","15641","13569","10383","11082"," 6743"," 8082"," 6278"
"map00730..Thiamine.metabolism","map00730..Thiamine.metabolism","353"," 90","227","275","340","184","309","257","862","728","552","582","389","479","346"
"map00740..Riboflavin.metabolism","map00740..Riboflavin.metabolism"," 65"," 14"," 35"," 49"," 87"," 39"," 53"," 53","160","187"," 80","112"," 70"," 99"," 69"
"map00750..Vitamin.B6.metabolism","map00750..Vitamin.B6.metabolism","214"," 72","234","230","292","125","222","204","490","420","358","343","252","271","224"
"map00760..Nicotinate.and.nicotinamide.metabolism","map00760..Nicotinate.and.nicotinamide.metabolism","1275"," 257"," 719"," 927","1200"," 579"," 908"," 646","2608","2207","1614","1881","1298","1399","1049"
"map00770..Pantothenate.and.CoA.biosynthesis","map00770..Pantothenate.and.CoA.biosynthesis"," 4505"," 1256"," 4543"," 3294"," 6646"," 4415"," 6625"," 5128","18364","16784","11087","13640"," 4859","10768"," 7699"
"map00780..Biotin.metabolism","map00780..Biotin.metabolism","302"," 73","277","233","386","252","395","300","940","957","691","886","334","765","490"
"map00785..Lipoic.acid.metabolism","map00785..Lipoic.acid.metabolism"," 83"," 20"," 56"," 58"," 88"," 57"," 87"," 66","190","195","122","131"," 65","127"," 87"
"map00790..Folate.biosynthesis","map00790..Folate.biosynthesis"," 469"," 138"," 387"," 371"," 566"," 232"," 361"," 293","1124"," 857"," 722"," 688"," 509"," 557"," 396"
"map00791..Atrazine.degradation","map00791..Atrazine.degradation","20"," 3","21"," 4","18"," 4"," 5"," 6","27","22","20","17","11","16","15"
"map00830..Retinol.metabolism","map00830..Retinol.metabolism"," 489"," 168"," 605"," 365"," 559"," 359"," 561"," 407","1486","1312","1130","1119"," 660"," 892"," 660"
"map00860..Porphyrin.and.chlorophyll.metabolism","map00860..Porphyrin.and.chlorophyll.metabolism","2167"," 488","1614","1449","1948","1503","1939","1494","5033","4422","3791","4381","1782","2598","1813"
"map00900..Terpenoid.backbone.biosynthesis","map00900..Terpenoid.backbone.biosynthesis","1336"," 278"," 898"," 980","1258"," 745","1024"," 887","2955","2456","1824","1979","1194","1355","1089"
"map00901..Indole.alkaloid.biosynthesis","map00901..Indole.alkaloid.biosynthesis","78","13","25","62","76","14","26","25","65","67","41","37","40","23","21"
"map00903..Limonene.and.pinene.degradation","map00903..Limonene.and.pinene.degradation"," 4671"," 1371"," 4905"," 3471"," 6857"," 4541"," 6818"," 5395","18548","16917","11296","13671"," 5055","10842"," 7777"
"map00906..Carotenoid.biosynthesis","map00906..Carotenoid.biosynthesis","1","1","1","3","2","3","4","2","2","3","5","7","4","6","2"
"map00908..Zeatin.biosynthesis","map00908..Zeatin.biosynthesis"," 2"," 0"," 1"," 2"," 3"," 2"," 1"," 3"," 7"," 8"," 4"," 4","10"," 4"," 3"
"map00909..Sesquiterpenoid.and.triterpenoid.biosynthesis","map00909..Sesquiterpenoid.and.triterpenoid.biosynthesis","119"," 25"," 56"," 52"," 82"," 61"," 59"," 68","233","178","113","119"," 96"," 83"," 55"
"map00910..Nitrogen.metabolism","map00910..Nitrogen.metabolism","1512"," 318","1093","1103","1983"," 925","1452","1081","4147","3471","2490","3203","1397","2156","1663"
"map00920..Sulfur.metabolism","map00920..Sulfur.metabolism","4327","1050","3718","3298","5396","3104","3830","3119","9906","9038","6630","7135","4285","6005","4246"
"map00930..Caprolactam.degradation","map00930..Caprolactam.degradation","1058"," 348","1141"," 864","1223"," 733","1131"," 938","2690","2394","1938","1839","1188","1546","1119"
"map00940..Phenylpropanoid.biosynthesis","map00940..Phenylpropanoid.biosynthesis"," 5"," 0"," 3"," 1"," 6"," 4"," 1"," 4","15","13"," 6"," 8"," 4"," 9"," 5"
"map00941..Flavonoid.biosynthesis","map00941..Flavonoid.biosynthesis","0","0","0","0","0","0","0","0","0","1","1","0","0","0","0"
"map00944..Flavone.and.flavonol.biosynthesis","map00944..Flavone.and.flavonol.biosynthesis"," 90"," 25"," 70"," 54"," 73"," 50"," 92"," 43","206","164","134","135","130","105"," 77"
"map00945..Stilbenoid..diarylheptanoid.and.gingerol.biosynthesis","map00945..Stilbenoid..diarylheptanoid.and.gingerol.biosynthesis","0","0","0","0","0","0","0","0","0","1","1","0","0","0","0"
"map00950..Isoquinoline.alkaloid.biosynthesis","map00950..Isoquinoline.alkaloid.biosynthesis","584","129","348","456","611","196","306","353","924","785","600","656","555","470","355"
"map00960..Tropane..piperidine.and.pyridine.alkaloid.biosynthesis","map00960..Tropane..piperidine.and.pyridine.alkaloid.biosynthesis","339"," 70","268","260","285","161","250","307","778","657","487","557","436","402","304"
"map00965..Betalain.biosynthesis","map00965..Betalain.biosynthesis","105"," 20"," 48"," 88","106"," 38"," 56"," 40","134","151","110"," 98"," 73"," 62"," 57"
"map00966..Glucosinolate.biosynthesis","map00966..Glucosinolate.biosynthesis","16"," 7","13","21","21"," 8","19","14","70","48","32","40","21","30","21"
"map00970..Aminoacyl.tRNA.biosynthesis","map00970..Aminoacyl.tRNA.biosynthesis"," 6622"," 1350"," 3315"," 4590"," 5854"," 2726"," 4146"," 3456","12481","10876"," 7325"," 8150"," 7153"," 6141"," 4408"
"map00980..Metabolism.of.xenobiotics.by.cytochrome.P450","map00980..Metabolism.of.xenobiotics.by.cytochrome.P450","1246"," 406","1268"," 836","1534","1129","1650","1222","4506","3923","2904","3343","1344","2488","1910"
"map00981..Insect.hormone.biosynthesis","map00981..Insect.hormone.biosynthesis"," 4255"," 1189"," 4360"," 3102"," 6355"," 4196"," 6283"," 4916","17371","15802","10382","12807"," 4537","10153"," 7273"
"map00982..Drug.metabolism...cytochrome.P450","map00982..Drug.metabolism...cytochrome.P450","1369"," 425","1268"," 948","1711","1106","1640","1205","4451","3885","2856","3308","1375","2460","1887"
"map00983..Drug.metabolism...other.enzymes","map00983..Drug.metabolism...other.enzymes","3418"," 877","2422","2719","3926","1947","3155","2354","8791","7322","5122","5484","4050","4987","3411"
"map00984..Steroid.degradation","map00984..Steroid.degradation"," 8"," 1"," 4"," 7"," 7"," 1"," 4"," 6"," 7","15","12"," 5"," 3"," 6"," 6"
"map00997..Biosynthesis.of.various.secondary.metabolites...part.3","map00997..Biosynthesis.of.various.secondary.metabolites...part.3","0","0","4","0","0","0","1","0","0","0","0","0","0","0","0"
"map00998..Biosynthesis.of.various.secondary.metabolites...part.2","map00998..Biosynthesis.of.various.secondary.metabolites...part.2"," 62"," 12"," 31"," 39"," 63"," 42"," 78"," 58","211","175","126","190"," 39","159","110"
"map00999..Biosynthesis.of.various.secondary.metabolites...part.1","map00999..Biosynthesis.of.various.secondary.metabolites...part.1","17"," 5","10","14","13","19","22","17","54","47","46","39","15","26","32"
"map01040..Biosynthesis.of.unsaturated.fatty.acids","map01040..Biosynthesis.of.unsaturated.fatty.acids","1248"," 312"," 866"," 869","1286"," 799","1362","1034","3176","2923","2239","2254","1379","1789","1399"
"map01051..Biosynthesis.of.ansamycins","map01051..Biosynthesis.of.ansamycins","341"," 76","249","263","330","212","241","203","877","553","442","471","404","345","258"
"map01052..Type.I.polyketide.structures","map01052..Type.I.polyketide.structures"," 6"," 3"," 4"," 5"," 7"," 9","13"," 5","29","28","24","16"," 8","10","14"
"map01053..Biosynthesis.of.siderophore.group.nonribosomal.peptides","map01053..Biosynthesis.of.siderophore.group.nonribosomal.peptides","4","0","1","0","4","2","2","0","3","4","8","3","3","4","2"
"map01054..Nonribosomal.peptide.structures","map01054..Nonribosomal.peptide.structures"," 58"," 10"," 31"," 21"," 56"," 42"," 49"," 49","147","118"," 96"," 95"," 36"," 44"," 52"
"map01055..Biosynthesis.of.vancomycin.group.antibiotics","map01055..Biosynthesis.of.vancomycin.group.antibiotics"," 8"," 2"," 8","12","12"," 6","12","10","34","28","20","23","27","18","14"
"map01056..Biosynthesis.of.type.II.polyketide.backbone","map01056..Biosynthesis.of.type.II.polyketide.backbone","0","0","0","0","0","1","0","0","0","0","1","0","0","0","0"
"map01057..Biosynthesis.of.type.II.polyketide.products","map01057..Biosynthesis.of.type.II.polyketide.products","1","0","0","0","0","0","0","0","0","0","1","1","0","1","0"
"map01059..Biosynthesis.of.enediyne.antibiotics","map01059..Biosynthesis.of.enediyne.antibiotics"," 46"," 17"," 50"," 26"," 85"," 73"," 79"," 69","204","217","150","166"," 35","124"," 98"
"map01200..Carbon.metabolism","map01200..Carbon.metabolism","26055"," 6697","19506","18741","26228","15198","22432","19325","62984","51379","39310","42115","29985","30942","23921"
"map01210..2.Oxocarboxylic.acid.metabolism","map01210..2.Oxocarboxylic.acid.metabolism","3988","1004","2694","2711","3815","2394","3607","3267","9741","8211","6219","6629","4450","4996","3851"
"map01212..Fatty.acid.metabolism","map01212..Fatty.acid.metabolism"," 4327"," 1189"," 3679"," 3294"," 4795"," 3002"," 4669"," 3831","11720","10312"," 8174"," 8473"," 4839"," 6579"," 5055"
"map01220..Degradation.of.aromatic.compounds","map01220..Degradation.of.aromatic.compounds","1329"," 391","1325"," 971","1526"," 932","1489","1109","4067","3586","2679","2893","1548","2350","1683"
"map01230..Biosynthesis.of.amino.acids","map01230..Biosynthesis.of.amino.acids","15906"," 3923","11751","11606","15384"," 8467","12640","11298","36538","30149","22562","23923","18910","17759","13651"
"map01501..beta.Lactam.resistance","map01501..beta.Lactam.resistance","12"," 4","10"," 7","29","10"," 5","13"," 8"," 3"," 9"," 8"," 4"," 7"," 4"
"map01502..Vancomycin.resistance","map01502..Vancomycin.resistance","16"," 3","14","15","20"," 7","31","10","41","60","40","46","17","34","12"
"map01503..Cationic.antimicrobial.peptide..CAMP..resistance","map01503..Cationic.antimicrobial.peptide..CAMP..resistance","151"," 44","130","123","167"," 97","149","109","429","335","282","277","201","237","190"
"map01521..EGFR.tyrosine.kinase.inhibitor.resistance","map01521..EGFR.tyrosine.kinase.inhibitor.resistance"," 4788"," 1188"," 3814"," 3394"," 4907"," 3048"," 4713"," 3621","11564"," 9778"," 7233"," 8062"," 4983"," 6081"," 4513"
"map01522..Endocrine.resistance","map01522..Endocrine.resistance","2067"," 574","1621","1564","2323","1453","2360","1699","6374","5334","3888","4285","2521","3258","2446"
"map01523..Antifolate.resistance","map01523..Antifolate.resistance"," 567"," 123"," 399"," 431"," 604"," 332"," 543"," 418","1596","1278"," 951","1036"," 709"," 806"," 566"
"map01524..Platinum.drug.resistance","map01524..Platinum.drug.resistance","1302"," 387"," 949","1002","1458"," 945","1596","1141","3987","3472","2637","3060","1602","2165","1651"
"map02010..ABC.transporters","map02010..ABC.transporters"," 951"," 234"," 713"," 728","1039"," 544"," 832"," 557","2417","1892","1586","1611"," 946","1231"," 984"
"map02020..Two.component.system","map02020..Two.component.system"," 7853"," 2710"," 7606"," 6661","12090"," 7079","10759"," 8875","18746","16092","12466","13743"," 7322","10589"," 8165"
"map02024..Quorum.sensing","map02024..Quorum.sensing"," 703"," 195"," 426"," 612"," 916"," 466"," 715"," 577","1791","1432","1080","1213"," 759"," 867"," 704"
"map02025..Biofilm.formation...Pseudomonas.aeruginosa","map02025..Biofilm.formation...Pseudomonas.aeruginosa"," 98"," 20"," 94"," 84","123"," 98","126"," 80","429","299","275","276","150","232","178"
"map02026..Biofilm.formation...Escherichia.coli","map02026..Biofilm.formation...Escherichia.coli"," 732"," 230"," 722"," 487"," 768"," 327"," 533"," 571","1392","1192","1082","1030"," 712"," 822"," 591"
"map02030..Bacterial.chemotaxis","map02030..Bacterial.chemotaxis"," 7"," 2"," 3"," 2","12"," 5"," 5"," 2","29","21","11","14"," 3"," 7"," 7"
"map02040..Flagellar.assembly","map02040..Flagellar.assembly","0","0","1","1","2","0","0","0","0","0","3","0","2","0","0"
"map02060..Phosphotransferase.system..PTS.","map02060..Phosphotransferase.system..PTS."," 5"," 0","13"," 2"," 7"," 2"," 4"," 6"," 0"," 2"," 7"," 1"," 1"," 5"," 1"
"map03008..Ribosome.biogenesis.in.eukaryotes","map03008..Ribosome.biogenesis.in.eukaryotes"," 4219","  964"," 2113"," 2992"," 4287"," 2241"," 3619"," 2693","10867"," 9099"," 6342"," 7236"," 4681"," 5194"," 3872"
"map03010..Ribosome","map03010..Ribosome"," 76659"," 21640"," 82027"," 63834"," 91936"," 54310"," 81050"," 62580","181725","152556","118953","124364"," 82993"," 99122"," 71808"
"map03013..RNA.transport","map03013..RNA.transport","36637"," 8564","24910","27488","39517","22380","37414","26417","86149","72931","55352","64566","38204","45535","34092"
"map03015..mRNA.surveillance.pathway","map03015..mRNA.surveillance.pathway"," 7444"," 1630"," 4474"," 5425"," 7649"," 4122"," 6869"," 4902","19356","16499","11627","13728"," 8243"," 9673"," 7336"
"map03018..RNA.degradation","map03018..RNA.degradation"," 6499"," 1458"," 3636"," 4822"," 6420"," 3192"," 5220"," 4301","15408","13044"," 9303","10651"," 7590"," 7502"," 5875"
"map03020..RNA.polymerase","map03020..RNA.polymerase","1667"," 417","1237","1181","1809","1030","1613","1185","5048","4262","3356","3604","2029","2604","1978"
"map03022..Basal.transcription.factors","map03022..Basal.transcription.factors"," 339","  96"," 314"," 259"," 387"," 226"," 388"," 273","1120"," 859"," 741"," 801"," 465"," 627"," 424"
"map03030..DNA.replication","map03030..DNA.replication"," 716"," 164"," 480"," 534"," 582"," 385"," 581"," 426","1543","1314","1090","1116","1294"," 867"," 606"
"map03040..Spliceosome","map03040..Spliceosome","19576"," 4616","12093","14112","20967","10508","17204","13379","51372","44806","31650","34969","20285","26791","20784"
"map03050..Proteasome","map03050..Proteasome"," 5658"," 1316"," 3352"," 4560"," 5556"," 3032"," 4550"," 3632","12466","10281"," 7203"," 8010"," 6546"," 6224"," 4635"
"map03060..Protein.export","map03060..Protein.export"," 4870"," 1137"," 2466"," 3487"," 4343"," 1976"," 3563"," 2885","10521"," 8795"," 6006"," 6784"," 4679"," 5169"," 4164"
"map03070..Bacterial.secretion.system","map03070..Bacterial.secretion.system","302"," 86","181","316","492","222","429","275","969","789","540","704","385","497","375"
"map03320..PPAR.signaling.pathway","map03320..PPAR.signaling.pathway"," 7396"," 1882"," 5913"," 5944"," 7838"," 4124"," 6558"," 5092","17796","14783","11151","11963"," 7060"," 8847"," 7078"
"map03410..Base.excision.repair","map03410..Base.excision.repair","376"," 83","259","282","314","247","313","237","935","703","638","648","582","488","315"
"map03420..Nucleotide.excision.repair","map03420..Nucleotide.excision.repair"," 944"," 251"," 722"," 726"," 924"," 585"," 882"," 621","2563","2081","1794","1847","1263","1359"," 971"
"map03430..Mismatch.repair","map03430..Mismatch.repair"," 485"," 149"," 350"," 362"," 427"," 305"," 414"," 311","1112"," 938"," 842"," 834"," 646"," 668"," 416"
"map03440..Homologous.recombination","map03440..Homologous.recombination","271"," 81","228","220","278","174","284","201","755","609","526","559","422","406","256"
"map03450..Non.homologous.end.joining","map03450..Non.homologous.end.joining"," 50"," 10"," 32"," 44"," 41"," 27"," 56"," 25","126","114"," 80","108"," 68"," 70"," 53"
"map03460..Fanconi.anemia.pathway","map03460..Fanconi.anemia.pathway","198"," 81","117","154","238","152","252","164","699","613","470","493","301","347","277"
"map04010..MAPK.signaling.pathway","map04010..MAPK.signaling.pathway","10444"," 2751"," 7088"," 7613","11173"," 5751"," 9956"," 7983","27837","25042","16802","18705","10502","14804","11691"
"map04011..MAPK.signaling.pathway...yeast","map04011..MAPK.signaling.pathway...yeast","12020"," 2927"," 7882"," 9027","13221"," 7539","11962"," 8802","33044","28185","20051","23557","12736","16811","12749"
"map04012..ErbB.signaling.pathway","map04012..ErbB.signaling.pathway","2226"," 578","1649","1684","2419","1454","2367","1703","6488","5543","4107","4486","2634","3273","2589"
"map04013..MAPK.signaling.pathway...fly","map04013..MAPK.signaling.pathway...fly"," 5431"," 1291"," 3479"," 4193"," 5872"," 2869"," 4788"," 3468","12582","10899"," 7481"," 8530"," 5525"," 6578"," 4965"
"map04014..Ras.signaling.pathway","map04014..Ras.signaling.pathway","12748"," 2879"," 8093"," 9675","13046"," 7114","11859"," 8602","31929","27053","18372","21688","13593","16048","12107"
"map04015..Rap1.signaling.pathway","map04015..Rap1.signaling.pathway","41282"," 8442","20465","31675","37636","19964","30872","27286","98322","81377","49042","57778","40964","42286","31029"
"map04016..MAPK.signaling.pathway...plant","map04016..MAPK.signaling.pathway...plant"," 6423"," 1440"," 3902"," 4644"," 6527"," 3795"," 5953"," 4586","15679","12646"," 9271","10462"," 6712"," 7524"," 5867"
"map04020..Calcium.signaling.pathway","map04020..Calcium.signaling.pathway"," 7567"," 1669"," 4229"," 5537"," 7385"," 4204"," 6934"," 5534","19032","15728","11125","12939"," 7959"," 9160"," 7052"
"map04022..cGMP.PKG.signaling.pathway","map04022..cGMP.PKG.signaling.pathway","11301"," 2554"," 6830"," 8379","11331"," 6347","10589"," 8222","28601","24049","16550","19919","11945","14130","10735"
"map04024..cAMP.signaling.pathway","map04024..cAMP.signaling.pathway","11880"," 2647"," 7506"," 8949","12136"," 6659","11092"," 8618","30049","25506","17377","20917","12580","15009","11347"
"map04062..Chemokine.signaling.pathway","map04062..Chemokine.signaling.pathway"," 8092"," 2055"," 5837"," 6292"," 8691"," 4814"," 7987"," 5781","21718","18808","12634","15038"," 8878","11336"," 8321"
"map04064..NF.kappa.B.signaling.pathway","map04064..NF.kappa.B.signaling.pathway"," 761"," 170"," 449"," 563"," 763"," 439"," 769"," 501","2216","1806","1381","1440"," 833","1069"," 895"
"map04066..HIF.1.signaling.pathway","map04066..HIF.1.signaling.pathway","11728"," 2850"," 8630"," 8466","10757"," 6035"," 9073"," 8015","24322","19897","14945","15814","13535","12051"," 9059"
"map04068..FoxO.signaling.pathway","map04068..FoxO.signaling.pathway"," 4059"," 1112"," 3009"," 2951"," 4872"," 2609"," 3935"," 2921","10715"," 8359"," 6697"," 7159"," 4097"," 5320"," 3950"
"map04070..Phosphatidylinositol.signaling.system","map04070..Phosphatidylinositol.signaling.system"," 5832"," 1144"," 3190"," 4207"," 5580"," 3152"," 5110"," 3868","14205","11863"," 8346"," 9668"," 6149"," 6866"," 5425"
"map04071..Sphingolipid.signaling.pathway","map04071..Sphingolipid.signaling.pathway"," 6985"," 1759"," 5244"," 5319"," 7687"," 4231"," 6895"," 5179","18932","16131","11394","12751"," 7510"," 9677"," 7242"
"map04072..Phospholipase.D.signaling.pathway","map04072..Phospholipase.D.signaling.pathway"," 5536"," 1195"," 3227"," 4163"," 5715"," 2960"," 5109"," 3638","14358","11996"," 8153"," 9510"," 5796"," 6869"," 5265"
"map04075..Plant.hormone.signal.transduction","map04075..Plant.hormone.signal.transduction","18"," 1","10","14","14"," 5","17","18","44","62","23","47","21","26","14"
"map04080..Neuroactive.ligand.receptor.interaction","map04080..Neuroactive.ligand.receptor.interaction"," 75","  6"," 66"," 54"," 68"," 37"," 39"," 37","135","110"," 70"," 89"," 81"," 60"," 36"
"map04110..Cell.cycle","map04110..Cell.cycle"," 4640","  942"," 2353"," 3378"," 4600"," 2428"," 4072"," 3004","11794","10095"," 7106"," 8201"," 5198"," 5569"," 4532"
"map04111..Cell.cycle...yeast","map04111..Cell.cycle...yeast"," 4333"," 1089"," 3271"," 3407"," 4811"," 2879"," 4537"," 3402","11897","10088"," 7639"," 8353"," 5276"," 6227"," 4756"
"map04112..Cell.cycle...Caulobacter","map04112..Cell.cycle...Caulobacter"," 372","  97"," 345"," 318"," 480"," 261"," 393"," 317","1082"," 826"," 699"," 703"," 427"," 626"," 427"
"map04113..Meiosis...yeast","map04113..Meiosis...yeast"," 7300"," 1714"," 4878"," 5303"," 7355"," 4209"," 7008"," 5024","19567","16931","12015","13781"," 8237","10021"," 7501"
"map04114..Oocyte.meiosis","map04114..Oocyte.meiosis","13434"," 2842"," 7482"," 9746","13158"," 7363","12298"," 8905","33562","28466","19807","23455","14060","16348","12727"
"map04115..p53.signaling.pathway","map04115..p53.signaling.pathway","212"," 68","138","160","266","139","281","208","751","571","485","500","276","342","263"
"map04120..Ubiquitin.mediated.proteolysis","map04120..Ubiquitin.mediated.proteolysis","28008"," 6813","22083","22158","29050","14941","23116","17435","67377","55933","40388","44397","25902","33142","25656"
"map04122..Sulfur.relay.system","map04122..Sulfur.relay.system","347","100","340","253","451","268","350","270","980","872","701","697","401","583","433"
"map04130..SNARE.interactions.in.vesicular.transport","map04130..SNARE.interactions.in.vesicular.transport"," 55","  4"," 19"," 43"," 56"," 25"," 56"," 36","126","124"," 88","103"," 55"," 71"," 59"
"map04136..Autophagy...other","map04136..Autophagy...other","1533"," 355"," 882","1057","1488"," 849","1317"," 990","3843","3337","2360","2609","1606","1902","1469"
"map04137..Mitophagy...animal","map04137..Mitophagy...animal","24546"," 5990","19847","19819","25499","12935","20006","14995","58623","48523","34659","37787","22321","28732","22110"
"map04138..Autophagy...yeast","map04138..Autophagy...yeast"," 7991"," 1764"," 4662"," 5855"," 7732"," 4016"," 6866"," 4766","19295","16128","11551","12891"," 8762"," 9383"," 7081"
"map04139..Mitophagy...yeast","map04139..Mitophagy...yeast","1945"," 487","1245","1465","1990","1148","1778","1310","5167","4458","3408","3627","2222","2737","2052"
"map04140..Autophagy...animal","map04140..Autophagy...animal"," 6019"," 1388"," 3894"," 4283"," 6114"," 3546"," 5736"," 4167","15865","13507"," 9695","10773"," 6535"," 8043"," 5999"
"map04141..Protein.processing.in.endoplasmic.reticulum","map04141..Protein.processing.in.endoplasmic.reticulum","24912"," 5833","13690","18019","24051","11916","20768","17002","59149","51616","34565","39232","25822","29925","24729"
"map04142..Lysosome","map04142..Lysosome"," 6064"," 1349"," 3448"," 4251"," 5452"," 2967"," 4950"," 3502","14766","12341"," 9152","10236"," 6388"," 7111"," 5499"
"map04144..Endocytosis","map04144..Endocytosis","20926"," 4649","11540","15008","20914","10302","18281","13688","51933","45332","30629","35354","21075","26204","20374"
"map04145..Phagosome","map04145..Phagosome"," 58754"," 12863"," 29704"," 44406"," 53561"," 28272"," 43682"," 38744","136765","116124"," 70073"," 80911"," 60555"," 60961"," 43532"
"map04146..Peroxisome","map04146..Peroxisome"," 6659"," 1708"," 4695"," 4983"," 7829"," 4164"," 5963"," 4502","15971","12628","10157","10480"," 6796"," 8591"," 6239"
"map04150..mTOR.signaling.pathway","map04150..mTOR.signaling.pathway"," 7475"," 1797"," 5364"," 5471"," 7710"," 4525"," 7192"," 5424","18414","15664","11310","12867"," 7730"," 9419"," 7092"
"map04151..PI3K.Akt.signaling.pathway","map04151..PI3K.Akt.signaling.pathway","19348"," 4543","12203","14140","19315","10793","17626","13638","47866","41107","28207","32255","20385","23998","18949"
"map04152..AMPK.signaling.pathway","map04152..AMPK.signaling.pathway","14218"," 3435","12021","10071","15716"," 9662","14454","11145","39053","34126","26379","28414","15770","21460","15796"
"map04210..Apoptosis","map04210..Apoptosis"," 44630","  9591"," 22034"," 33795"," 39979"," 21217"," 31984"," 29699","102163"," 85248"," 50047"," 58254"," 44394"," 43538"," 31013"
"map04211..Longevity.regulating.pathway","map04211..Longevity.regulating.pathway","3440"," 892","2232","2397","4047","2041","3027","2186","8593","6620","5220","5529","3352","4181","3104"
"map04212..Longevity.regulating.pathway...worm","map04212..Longevity.regulating.pathway...worm"," 6214"," 1624"," 3427"," 4408"," 7518"," 3180"," 5030"," 4229","15427","11597"," 8448"," 9299"," 6059"," 6720"," 5332"
"map04213..Longevity.regulating.pathway...multiple.species","map04213..Longevity.regulating.pathway...multiple.species","10233"," 2673"," 6726"," 7085","11582"," 5673"," 9321"," 7685","26685","23175","16284","17506"," 9839","13932","10987"
"map04214..Apoptosis...fly","map04214..Apoptosis...fly","2852"," 762","1997","2050","3034","1876","3147","2261","8221","6452","4872","5303","3320","3933","3067"
"map04215..Apoptosis...multiple.species","map04215..Apoptosis...multiple.species","153"," 41"," 88","107","159","104","157","124","410","336","261","293","182","218","154"
"map04216..Ferroptosis","map04216..Ferroptosis","1488"," 492"," 669","1042","2377"," 625"," 921"," 910","3987","1987","1463","1545","1456","1040"," 956"
"map04217..Necroptosis","map04217..Necroptosis"," 9808"," 2333"," 5948"," 7265","10388"," 5222"," 8453"," 7097","23771","20338","14241","15701","10587","11942","10154"
"map04218..Cellular.senescence","map04218..Cellular.senescence","10187"," 2243"," 5862"," 7287","10014"," 5515"," 9334"," 6830","25380","21175","14937","17506","10864","12391"," 9620"
"map04260..Cardiac.muscle.contraction","map04260..Cardiac.muscle.contraction","15942"," 5329","13690","12513","20589","13699","20993","18466","36494","30650","21460","25159","13910","19070","14568"
"map04261..Adrenergic.signaling.in.cardiomyocytes","map04261..Adrenergic.signaling.in.cardiomyocytes","11769"," 2602"," 7241"," 8597","11662"," 6705","11112"," 8649","30251","25609","17869","21261","12509","15135","11443"
"map04270..Vascular.smooth.muscle.contraction","map04270..Vascular.smooth.muscle.contraction","11090"," 2543"," 7167"," 8392","12089"," 6636","10960"," 8341","29488","25521","17554","20620","11859","15046","11235"
"map04310..Wnt.signaling.pathway","map04310..Wnt.signaling.pathway"," 4216"," 1042"," 2865"," 3292"," 4599"," 2441"," 3974"," 2702","11167"," 9420"," 6574"," 7558"," 4392"," 5663"," 4217"
"map04320..Dorso.ventral.axis.formation","map04320..Dorso.ventral.axis.formation","1054"," 317"," 945"," 811","1252"," 827","1369"," 999","3581","2965","2178","2384","1334","1813","1420"
"map04330..Notch.signaling.pathway","map04330..Notch.signaling.pathway"," 508"," 112"," 320"," 323"," 512"," 310"," 480"," 342","1372","1088"," 875"," 951"," 544"," 743"," 561"
"map04340..Hedgehog.signaling.pathway","map04340..Hedgehog.signaling.pathway"," 910"," 220"," 622"," 661","1036"," 579"," 924"," 620","2648","2160","1685","1823","1000","1328","1016"
"map04341..Hedgehog.signaling.pathway...fly","map04341..Hedgehog.signaling.pathway...fly","1089"," 254"," 730"," 785","1203"," 676","1082"," 722","3060","2480","1940","2170","1177","1523","1193"
"map04350..TGF.beta.signaling.pathway","map04350..TGF.beta.signaling.pathway","2501"," 621","1764","2021","2829","1557","2550","1898","6767","5685","3966","4755","2595","3386","2589"
"map04360..Axon.guidance","map04360..Axon.guidance"," 6137"," 1634"," 4554"," 4817"," 6711"," 3783"," 6160"," 4444","16846","14592"," 9929","11414"," 6726"," 8614"," 6531"
"map04361..Axon.regeneration","map04361..Axon.regeneration","2777"," 696","1981","2238","3155","1575","2557","1849","7150","6159","4063","4692","2911","3626","2645"
"map04370..VEGF.signaling.pathway","map04370..VEGF.signaling.pathway"," 3931"," 1048"," 2917"," 3030"," 4171"," 2460"," 4049"," 2832","10862"," 9396"," 6484"," 7330"," 4334"," 5676"," 4319"
"map04371..Apelin.signaling.pathway","map04371..Apelin.signaling.pathway","12835"," 2981"," 8669"," 9181","12805"," 7436","12023"," 9128","31322","26411","18516","21683","13599","16034","11852"
"map04380..Osteoclast.differentiation","map04380..Osteoclast.differentiation","2574"," 707","1956","1922","2723","1602","2588","1841","6874","5863","4195","4740","2761","3661","2710"
"map04390..Hippo.signaling.pathway","map04390..Hippo.signaling.pathway","38351"," 7499","17541","29056","34102","17888","27632","24631","90659","74948","44631","53125","37587","37978","27904"
"map04391..Hippo.signaling.pathway...fly","map04391..Hippo.signaling.pathway...fly","36044"," 7054","16222","27456","31871","16735","25600","23292","85155","70084","41291","48951","35208","35133","25724"
"map04392..Hippo.signaling.pathway...multiple.species","map04392..Hippo.signaling.pathway...multiple.species"," 814"," 197"," 494"," 640"," 904"," 544"," 841"," 594","2308","2073","1419","1711"," 983","1166"," 950"
"map04510..Focal.adhesion","map04510..Focal.adhesion","37911"," 7676","18348","29089","34217","17974","27739","24658","90008","74605","44361","52766","37227","38398","27963"
"map04512..ECM.receptor.interaction","map04512..ECM.receptor.interaction"," 7"," 3"," 6"," 9"," 6"," 4"," 8"," 7","45","24","11","10"," 4"," 2"," 9"
"map04520..Adherens.junction","map04520..Adherens.junction","35014"," 7097","16619","26915","31319","16498","25174","22918","82957","68475","40062","47455","34107","34808","25234"
"map04530..Tight.junction","map04530..Tight.junction"," 53558"," 11630"," 27577"," 40794"," 49693"," 26226"," 40340"," 35935","125029","105788"," 63553"," 74245"," 53703"," 55549"," 39723"
"map04540..Gap.junction","map04540..Gap.junction","19762"," 5091","11626","14620","18879","10318","15695","13990","44784","39458","23666","26959","21843","21293","14721"
"map04550..Signaling.pathways.regulating.pluripotency.of.stem.cells","map04550..Signaling.pathways.regulating.pluripotency.of.stem.cells","1572"," 446","1307","1208","1842","1183","1877","1368","5072","4264","3194","3464","1911","2597","2055"
"map04611..Platelet.activation","map04611..Platelet.activation","36871"," 7467","17799","28279","33290","17530","26991","24209","88076","72588","43209","51464","36354","37363","26967"
"map04612..Antigen.processing.and.presentation","map04612..Antigen.processing.and.presentation","15380"," 3775"," 8674","11005","15147"," 7265","12867","10989","36581","32583","21463","23542","15064","18889","16013"
"map04614..Renin.angiotensin.system","map04614..Renin.angiotensin.system","2723"," 669","2952","1930","3141","2223","3250","2439","9955","8954","5494","6901","3576","6462","4161"
"map04620..Toll.like.receptor.signaling.pathway","map04620..Toll.like.receptor.signaling.pathway","1801"," 501","1547","1382","1993","1178","1851","1426","4889","4213","2986","3336","2003","2660","1970"
"map04621..NOD.like.receptor.signaling.pathway","map04621..NOD.like.receptor.signaling.pathway","10858"," 2456"," 5841"," 8263","11103"," 5766"," 9430"," 7431","26478","22668","15139","17313","11623","12788","10826"
"map04622..RIG.I.like.receptor.signaling.pathway","map04622..RIG.I.like.receptor.signaling.pathway"," 967"," 194"," 391"," 759","1117"," 445"," 828"," 560","2569","2305","1390","1861"," 928","1226"," 908"
"map04623..Cytosolic.DNA.sensing.pathway","map04623..Cytosolic.DNA.sensing.pathway"," 479"," 155"," 361"," 368"," 527"," 324"," 478"," 381","1425","1115"," 859"," 897"," 693"," 772"," 568"
"map04624..Toll.and.Imd.signaling.pathway","map04624..Toll.and.Imd.signaling.pathway"," 756"," 191"," 489"," 554"," 822"," 484"," 735"," 566","1903","1607","1250","1348"," 798","1039"," 768"
"map04625..C.type.lectin.receptor.signaling.pathway","map04625..C.type.lectin.receptor.signaling.pathway"," 7617"," 1708"," 4563"," 5751"," 7812"," 4341"," 7193"," 5268","19218","16024","11183","13006"," 8056"," 9336"," 7308"
"map04626..Plant.pathogen.interaction","map04626..Plant.pathogen.interaction","10595"," 2323"," 5589"," 7829","10375"," 5470"," 9033"," 7277","24743","21208","14216","15967","11219","12041","10226"
"map04630..JAK.STAT.signaling.pathway","map04630..JAK.STAT.signaling.pathway","424"," 98","231","291","391","203","328","237","911","867","599","656","478","486","347"
"map04650..Natural.killer.cell.mediated.cytotoxicity","map04650..Natural.killer.cell.mediated.cytotoxicity","3171"," 853","2410","2421","3383","1983","3306","2298","8925","7604","5388","6015","3542","4576","3472"
"map04657..IL.17.signaling.pathway","map04657..IL.17.signaling.pathway"," 6925"," 1705"," 4052"," 5248"," 7078"," 3904"," 6363"," 5223","17564","15222","10345","11403"," 7618"," 8832"," 7661"
"map04658..Th1.and.Th2.cell.differentiation","map04658..Th1.and.Th2.cell.differentiation","1587"," 463","1151","1181","1692","1100","1774","1228","4679","3904","2950","3354","1766","2470","1831"
"map04659..Th17.cell.differentiation","map04659..Th17.cell.differentiation"," 7509"," 1873"," 4287"," 5600"," 7553"," 4196"," 6866"," 5476","18915","16387","11093","12301"," 8184"," 9490"," 8083"
"map04660..T.cell.receptor.signaling.pathway","map04660..T.cell.receptor.signaling.pathway"," 4051"," 1062"," 2789"," 3191"," 4460"," 2560"," 4210"," 2926","11286"," 9760"," 6723"," 7793"," 4371"," 5754"," 4455"
"map04662..B.cell.receptor.signaling.pathway","map04662..B.cell.receptor.signaling.pathway","2964"," 809","2265","2227","3205","1900","3137","2155","8401","7173","5110","5635","3276","4340","3323"
"map04664..Fc.epsilon.RI.signaling.pathway","map04664..Fc.epsilon.RI.signaling.pathway","2495"," 694","2111","1939","2798","1651","2702","1988","7255","6230","4435","4821","2916","3792","2879"
"map04666..Fc.gamma.R.mediated.phagocytosis","map04666..Fc.gamma.R.mediated.phagocytosis"," 6525"," 1469"," 4064"," 4968"," 6445"," 3362"," 5537"," 4023","15680","13310"," 9218","10429"," 7052"," 7821"," 5919"
"map04668..TNF.signaling.pathway","map04668..TNF.signaling.pathway"," 992"," 296"," 860"," 785","1171"," 768","1210"," 940","3131","2610","2039","2314","1211","1712","1303"
"map04670..Leukocyte.transendothelial.migration","map04670..Leukocyte.transendothelial.migration","35973"," 7313","17289","27796","32354","16892","25804","23416","84855","70207","41265","48799","35278","35842","25930"
"map04710..Circadian.rhythm","map04710..Circadian.rhythm"," 413","  96"," 265"," 312"," 444"," 237"," 375"," 291","1088"," 873"," 694"," 872"," 423"," 528"," 411"
"map04711..Circadian.rhythm...fly","map04711..Circadian.rhythm...fly","296"," 65","181","213","320","186","272","180","801","707","575","592","307","415","356"
"map04712..Circadian.rhythm...plant","map04712..Circadian.rhythm...plant"," 397","  84"," 210"," 286"," 365"," 217"," 353"," 240","1075"," 940"," 647"," 679"," 393"," 528"," 413"
"map04713..Circadian.entrainment","map04713..Circadian.entrainment"," 9298"," 2126"," 5883"," 6788"," 9294"," 5245"," 8726"," 6503","23554","19808","13841","16346","10112","11881"," 8852"
"map04714..Thermogenesis","map04714..Thermogenesis"," 55459"," 13418"," 33660"," 42392"," 56256"," 32987"," 50183"," 44641","129088","106940"," 67803"," 79287"," 52964"," 59000"," 43436"
"map04720..Long.term.potentiation","map04720..Long.term.potentiation"," 9397"," 2020"," 5552"," 6909"," 9351"," 5204"," 8777"," 6223","23608","19730","13816","16231","10071","11618"," 8909"
"map04721..Synaptic.vesicle.cycle","map04721..Synaptic.vesicle.cycle"," 5422"," 1126"," 2645"," 3834"," 4841"," 2617"," 4556"," 3288","13417","11089"," 8111"," 9185"," 5600"," 6364"," 4955"
"map04722..Neurotrophin.signaling.pathway","map04722..Neurotrophin.signaling.pathway","11667"," 2521"," 6806"," 8933","11920"," 6462","10665"," 7902","29003","24850","16676","19568","12307","14048","11096"
"map04723..Retrograde.endocannabinoid.signaling","map04723..Retrograde.endocannabinoid.signaling"," 6351"," 1672"," 4739"," 4780"," 6815"," 4013"," 6447"," 4869","17377","14827","10570","12434"," 7235"," 9195"," 6589"
"map04724..Glutamatergic.synapse","map04724..Glutamatergic.synapse"," 6697"," 1681"," 4739"," 4930"," 7350"," 4018"," 6725"," 4784","18424","15721","11128","13512"," 7251"," 9707"," 7054"
"map04725..Cholinergic.synapse","map04725..Cholinergic.synapse"," 5202"," 1370"," 3929"," 3859"," 5560"," 3255"," 5443"," 3950","14904","12603"," 8884","10465"," 6025"," 7789"," 5582"
"map04726..Serotonergic.synapse","map04726..Serotonergic.synapse"," 5451"," 1421"," 3976"," 4066"," 5853"," 3239"," 5457"," 3969","14954","12646"," 8910","10477"," 6137"," 7793"," 5622"
"map04727..GABAergic.synapse","map04727..GABAergic.synapse"," 5446"," 1310"," 3820"," 4040"," 6023"," 3198"," 5317"," 3820","14794","12675"," 8845","10917"," 5926"," 7777"," 5651"
"map04728..Dopaminergic.synapse","map04728..Dopaminergic.synapse","14156"," 3134"," 8537","10230","14007"," 7699","12866"," 9233","35120","29839","20861","24576","14796","17714","13260"
"map04730..Long.term.depression","map04730..Long.term.depression","3039"," 815","2429","2357","3314","2011","3296","2500","8980","7686","5449","6107","3580","4585","3461"
"map04740..Olfactory.transduction","map04740..Olfactory.transduction"," 7531"," 1609"," 4313"," 5406"," 7278"," 4015"," 6736"," 4963","18183","15208","10488","12546"," 7944"," 9033"," 6761"
"map04742..Taste.transduction","map04742..Taste.transduction"," 390","  99"," 281"," 290"," 455"," 270"," 447"," 285","1270"," 978"," 711"," 803"," 475"," 629"," 417"
"map04744..Phototransduction","map04744..Phototransduction"," 7141"," 1510"," 4032"," 5116"," 6823"," 3745"," 6289"," 4678","16913","14230"," 9777","11743"," 7469"," 8404"," 6344"
"map04745..Phototransduction...fly","map04745..Phototransduction...fly","36465"," 7155","16688","27698","32168","16932","25933","23625","85089","69780","41415","48878","35606","35373","25851"
"map04750..Inflammatory.mediator.regulation.of.TRP.channels","map04750..Inflammatory.mediator.regulation.of.TRP.channels"," 7522"," 1511"," 4236"," 5434"," 7308"," 3976"," 6695"," 4837","18095","15158","10562","12509"," 7945"," 8864"," 6795"
"map04810..Regulation.of.actin.cytoskeleton","map04810..Regulation.of.actin.cytoskeleton"," 43164","  8970"," 21926"," 33034"," 40033"," 21130"," 32907"," 28801","104554"," 87408"," 53110"," 62598"," 43043"," 45879"," 33371"
"map04910..Insulin.signaling.pathway","map04910..Insulin.signaling.pathway","13200"," 2989"," 8999"," 9330","13187"," 7416","12001"," 9206","31443","26311","19191","21767","13771","15894","12060"
"map04911..Insulin.secretion","map04911..Insulin.secretion","1034"," 239"," 731"," 812","1098"," 694","1078"," 769","2998","2432","1814","2034","1233","1518","1102"
"map04912..GnRH.signaling.pathway","map04912..GnRH.signaling.pathway"," 7289"," 1617"," 4504"," 5439"," 7358"," 4244"," 6969"," 5183","18650","15667","10975","12540"," 7940"," 9213"," 7174"
"map04913..Ovarian.steroidogenesis","map04913..Ovarian.steroidogenesis"," 457"," 112"," 324"," 353"," 537"," 302"," 515"," 333","1456","1121"," 823"," 938"," 556"," 721"," 501"
"map04914..Progesterone.mediated.oocyte.maturation","map04914..Progesterone.mediated.oocyte.maturation"," 8376"," 2145"," 5353"," 6336"," 8748"," 4938"," 8041"," 6485","22317","19250","13054","14373"," 9458","11228"," 9392"
"map04915..Estrogen.signaling.pathway","map04915..Estrogen.signaling.pathway","18306"," 4433","11122","13179","18764"," 9772","16651","13709","46214","40474","27231","30231","18923","23379","19358"
"map04916..Melanogenesis","map04916..Melanogenesis"," 7462"," 1692"," 4789"," 5535"," 7659"," 4380"," 7188"," 5369","19399","16209","11494","13040"," 8244"," 9527"," 7382"
"map04917..Prolactin.signaling.pathway","map04917..Prolactin.signaling.pathway","1637"," 463","1374","1265","1907","1219","1959","1416","5217","4434","3340","3584","1987","2691","2129"
"map04918..Thyroid.hormone.synthesis","map04918..Thyroid.hormone.synthesis"," 7413"," 1818"," 5397"," 5680"," 7436"," 3820"," 6275"," 4791","16742","14137"," 9952","11015"," 7438"," 8869"," 6533"
"map04919..Thyroid.hormone.signaling.pathway","map04919..Thyroid.hormone.signaling.pathway","36035"," 7322","17145","27472","32345","17210","26367","24237","86882","71513","42811","50494","35637","36713","26667"
"map04920..Adipocytokine.signaling.pathway","map04920..Adipocytokine.signaling.pathway"," 941"," 250"," 774"," 713"," 951"," 550"," 837"," 721","2238","1937","1596","1594","1067","1199"," 883"
"map04921..Oxytocin.signaling.pathway","map04921..Oxytocin.signaling.pathway"," 52206"," 11066"," 30091"," 39143"," 49863"," 27709"," 42425"," 35810","129184","107891"," 70008"," 80769"," 53233"," 59266"," 43260"
"map04922..Glucagon.signaling.pathway","map04922..Glucagon.signaling.pathway"," 9120"," 2036"," 5751"," 6688"," 8934"," 4916"," 8034"," 6354","21925","18197","13386","14951"," 9801","10777"," 8385"
"map04923..Regulation.of.lipolysis.in.adipocytes","map04923..Regulation.of.lipolysis.in.adipocytes","1361"," 377","1139","1063","1549"," 890","1465","1100","4097","3472","2418","2774","1662","2130","1503"
"map04924..Renin.secretion","map04924..Renin.secretion"," 9062"," 2056"," 6622"," 6568"," 9384"," 5712"," 9011"," 6680","25442","21892","14509","17373","10231","13997"," 9938"
"map04925..Aldosterone.synthesis.and.secretion","map04925..Aldosterone.synthesis.and.secretion"," 5798"," 1172"," 3253"," 4255"," 5630"," 3192"," 5181"," 3902","13889","11486"," 8163"," 9326"," 6111"," 6683"," 5225"
"map04926..Relaxin.signaling.pathway","map04926..Relaxin.signaling.pathway"," 5386"," 1422"," 4052"," 4022"," 5724"," 3368"," 5621"," 4087","15392","13058"," 9232","10821"," 6254"," 8067"," 5799"
"map04927..Cortisol.synthesis.and.secretion","map04927..Cortisol.synthesis.and.secretion"," 390","  99"," 281"," 290"," 455"," 270"," 447"," 285","1270"," 978"," 711"," 803"," 475"," 629"," 417"
"map04928..Parathyroid.hormone.synthesis..secretion.and.action","map04928..Parathyroid.hormone.synthesis..secretion.and.action","3399"," 939","2852","2643","4010","2273","3630","2731","9971","8153","6206","6806","3874","5017","3755"
"map04929..GnRH.secretion","map04929..GnRH.secretion","1292"," 370","1119","1009","1513"," 954","1584","1143","4252","3501","2613","2843","1623","2139","1666"
"map04930..Type.II.diabetes.mellitus","map04930..Type.II.diabetes.mellitus","1649"," 418","1158","1260","1751"," 946","1539","1198","4149","3425","2505","2860","1912","2087","1623"
"map04931..Insulin.resistance","map04931..Insulin.resistance"," 4267"," 1022"," 2973"," 2958"," 4323"," 2108"," 3656"," 2790","10383"," 8793"," 6484"," 7307"," 4467"," 5189"," 3889"
"map04932..Non.alcoholic.fatty.liver.disease","map04932..Non.alcoholic.fatty.liver.disease","18930"," 6038","16008","14810","23923","15524","23656","20108","43583","36964","25804","29880","17251","23049","17529"
"map04933..AGE.RAGE.signaling.pathway.in.diabetic.complications","map04933..AGE.RAGE.signaling.pathway.in.diabetic.complications","3488"," 913","2680","2710","3768","2144","3481","2526","9315","8128","5591","6217","3956","4921","3749"
"map04934..Cushing.syndrome","map04934..Cushing.syndrome","2855"," 784","2273","2283","3270","1987","3140","2388","8505","7283","5276","5935","3407","4421","3276"
"map04935..Growth.hormone.synthesis..secretion.and.action","map04935..Growth.hormone.synthesis..secretion.and.action"," 3505","  957"," 2796"," 2685"," 3920"," 2361"," 3813"," 2791","10500"," 8944"," 6522"," 7182"," 4238"," 5419"," 4063"
"map04940..Type.I.diabetes.mellitus","map04940..Type.I.diabetes.mellitus","116"," 25"," 41","101","138"," 72","120"," 83","266","231","155","198","151","146","117"
"map04960..Aldosterone.regulated.sodium.reabsorption","map04960..Aldosterone.regulated.sodium.reabsorption","1762"," 479","1428","1359","1964","1275","2045","1530","5431","4540","3357","3692","2153","2762","2153"
"map04961..Endocrine.and.other.factor.regulated.calcium.reabsorption","map04961..Endocrine.and.other.factor.regulated.calcium.reabsorption"," 4520","  980"," 2332"," 3216"," 4249"," 2441"," 4110"," 2908","12222","10039"," 7088"," 8271"," 4826"," 5840"," 4392"
"map04962..Vasopressin.regulated.water.reabsorption","map04962..Vasopressin.regulated.water.reabsorption"," 5587"," 1403"," 3743"," 4313"," 6214"," 3612"," 5994"," 4181","17595","15597","10917","12139"," 6794"," 9455"," 6819"
"map04964..Proximal.tubule.bicarbonate.reclamation","map04964..Proximal.tubule.bicarbonate.reclamation"," 763"," 203"," 712"," 596"," 804"," 508"," 776"," 672","2162","1902","1456","1533"," 893","1117"," 798"
"map04966..Collecting.duct.acid.secretion","map04966..Collecting.duct.acid.secretion","1949"," 387","1039","1398","1714"," 898","1542","1137","4215","3484","2829","2979","1978","2104","1711"
"map04970..Salivary.secretion","map04970..Salivary.secretion"," 5628"," 1135"," 3131"," 4130"," 5468"," 3084"," 5015"," 3772","13462","11137"," 7860"," 9042"," 5976"," 6471"," 5056"
"map04971..Gastric.acid.secretion","map04971..Gastric.acid.secretion","38151"," 7603","18049","29008","34005","18075","27721","25005","90000","73966","44334","52240","37631","37938","27683"
"map04972..Pancreatic.secretion","map04972..Pancreatic.secretion","3788"," 880","2523","3121","4104","2134","3527","3011","9789","8483","5648","6967","3874","5091","3764"
"map04973..Carbohydrate.digestion.and.absorption","map04973..Carbohydrate.digestion.and.absorption"," 536"," 118"," 326"," 434"," 564"," 343"," 490"," 395","1278","1031"," 768"," 913"," 573"," 629"," 507"
"map04974..Protein.digestion.and.absorption","map04974..Protein.digestion.and.absorption"," 533"," 105"," 381"," 399"," 507"," 375"," 534"," 436","1348","1199"," 869"," 984"," 585"," 709"," 549"
"map04975..Fat.digestion.and.absorption","map04975..Fat.digestion.and.absorption"," 668"," 165"," 590"," 518"," 710"," 440"," 615"," 571","1690","1466","1118","1211"," 768"," 870"," 688"
"map04976..Bile.secretion","map04976..Bile.secretion","1139"," 250"," 723"," 916","1143"," 715","1057"," 777","3020","2382","1778","2001","1206","1465","1099"
"map04977..Vitamin.digestion.and.absorption","map04977..Vitamin.digestion.and.absorption","247"," 48","169","187","278","133","223","162","598","520","369","408","236","360","240"
"map04978..Mineral.absorption","map04978..Mineral.absorption"," 865"," 224"," 715"," 563"," 874"," 648"," 903"," 724","2424","1967","1776","1766"," 975","1223","1040"
"map04979..Cholesterol.metabolism","map04979..Cholesterol.metabolism","108"," 13"," 68"," 74"," 91"," 44"," 86"," 52","208","157","114","156","108","115"," 78"
"map05010..Alzheimer.disease","map05010..Alzheimer.disease"," 55877"," 14887"," 37268"," 41981"," 58433"," 34406"," 52707"," 45726","125265","106018"," 71035"," 80751"," 58165"," 61651"," 45768"
"map05012..Parkinson.disease","map05012..Parkinson.disease"," 76863"," 19947"," 54220"," 59148"," 80351"," 45016"," 69113"," 57581","174106","146965"," 99380","112003"," 75275"," 85953"," 64348"
"map05014..Amyotrophic.lateral.sclerosis","map05014..Amyotrophic.lateral.sclerosis"," 88174"," 21475"," 52813"," 66843"," 88114"," 50179"," 76098"," 66660","203777","171627","108776","125839"," 88424"," 95550"," 69527"
"map05016..Huntington.disease","map05016..Huntington.disease"," 51736"," 14023"," 35359"," 39089"," 55859"," 32812"," 49843"," 42607","117508","100576"," 66788"," 76366"," 52948"," 58868"," 42798"
"map05017..Spinocerebellar.ataxia","map05017..Spinocerebellar.ataxia"," 8343"," 1990"," 5035"," 6559"," 8275"," 4658"," 7208"," 6089","20133","16650","11798","13293"," 9590"," 9938"," 7448"
"map05020..Prion.disease","map05020..Prion.disease"," 56302"," 15290"," 37594"," 42057"," 59944"," 34434"," 53583"," 46214","128168","110847"," 73033"," 82773"," 56504"," 64760"," 48377"
"map05022..Pathways.of.neurodegeneration...multiple.diseases","map05022..Pathways.of.neurodegeneration...multiple.diseases"," 88535"," 22816"," 62624"," 67769"," 92980"," 52616"," 80637"," 66607","205815","173796","118588","133897"," 87794","102315"," 76529"
"map05030..Cocaine.addiction","map05030..Cocaine.addiction","1535"," 420","1179","1189","1789"," 889","1447","1097","4044","3447","2409","2732","1693","2102","1471"
"map05031..Amphetamine.addiction","map05031..Amphetamine.addiction"," 8509"," 1749"," 4658"," 6094"," 8305"," 4385"," 7438"," 5248","20104","16790","11760","13890"," 8754"," 9835"," 7539"
"map05032..Morphine.addiction","map05032..Morphine.addiction"," 4103"," 1038"," 2922"," 3017"," 4212"," 2361"," 3998"," 2889","11106"," 9479"," 6568"," 7912"," 4638"," 5858"," 4091"
"map05034..Alcoholism","map05034..Alcoholism","17274"," 4105","12224","13518","18385","10051","16537","12643","43244","37558","26430","30452","19771","22521","17028"
"map05100..Bacterial.invasion.of.epithelial.cells","map05100..Bacterial.invasion.of.epithelial.cells","39286"," 7774","17982","29823","34623","17860","27938","24686","91634","75532","44594","53107","38489","38512","28042"
"map05110..Vibrio.cholerae.infection","map05110..Vibrio.cholerae.infection","37843"," 7445","17225","28580","33136","17283","26867","24160","88659","72679","43623","51353","36875","37072","26993"
"map05111..Biofilm.formation...Vibrio.cholerae","map05111..Biofilm.formation...Vibrio.cholerae","3","0","4","0","3","2","1","0","1","4","2","0","3","0","0"
"map05120..Epithelial.cell.signaling.in.Helicobacter.pylori.infection","map05120..Epithelial.cell.signaling.in.Helicobacter.pylori.infection","4148"," 924","2623","3127","3934","2119","3534","2632","9594","8446","5955","6625","4240","4986","3905"
"map05130..Pathogenic.Escherichia.coli.infection","map05130..Pathogenic.Escherichia.coli.infection"," 68262"," 15078"," 36543"," 51278"," 62867"," 33488"," 51542"," 45715","157639","133018"," 81542"," 93771"," 70383"," 70603"," 50713"
"map05131..Shigellosis","map05131..Shigellosis"," 69203"," 14934"," 40969"," 53895"," 65716"," 33509"," 52205"," 43277","161655","133842"," 86411"," 99095"," 66509"," 73202"," 54676"
"map05132..Salmonella.infection","map05132..Salmonella.infection"," 76468"," 16930"," 40973"," 57635"," 71026"," 37705"," 58877"," 51004","178309","151033"," 93702","107316"," 80129"," 81337"," 59585"
"map05133..Pertussis","map05133..Pertussis"," 7415"," 1710"," 4702"," 5613"," 7692"," 4288"," 6935"," 5334","18655","15666","10873","12670"," 7950"," 9161"," 7056"
"map05134..Legionellosis","map05134..Legionellosis","40748"," 9556","27117","29950","43356","24077","40899","29839","95903","82806","61358","71120","41150","51366","39013"
"map05135..Yersinia.infection","map05135..Yersinia.infection","38240"," 7643","18092","29265","34133","17743","27357","24419","89273","73527","43670","51554","37551","37659","27416"
"map05140..Leishmaniasis","map05140..Leishmaniasis","29876"," 7130","21526","22498","32663","18947","31731","22221","68964","58661","45859","53131","30501","37610","28083"
"map05142..Chagas.disease","map05142..Chagas.disease"," 5392"," 1366"," 5009"," 3985"," 6039"," 3998"," 6015"," 4612","17516","15423","10127","12160"," 6499","10341"," 7054"
"map05143..African.trypanosomiasis","map05143..African.trypanosomiasis","279"," 59","216","235","301","152","271","175","812","662","539","567","363","404","302"
"map05144..Malaria","map05144..Malaria"," 7"," 3"," 2"," 9"," 4"," 4"," 3"," 7","35","21","10"," 9"," 3"," 2"," 8"
"map05145..Toxoplasmosis","map05145..Toxoplasmosis"," 7834"," 2147"," 5406"," 5495"," 8496"," 4306"," 7456"," 6438","20935","19019","12853","14048"," 7773","11206"," 8985"
"map05146..Amoebiasis","map05146..Amoebiasis","2564"," 617","1708","2003","2780","1419","2542","1611","6589","5517","3944","4426","2942","3462","2437"
"map05150..Staphylococcus.aureus.infection","map05150..Staphylococcus.aureus.infection","2","0","9","1","3","1","3","3","0","0","0","0","0","0","0"
"map05152..Tuberculosis","map05152..Tuberculosis","11897"," 2598"," 6899"," 8920","11856"," 6203","10617"," 7871","28537","23932","16689","19235","12491","13956","10812"
"map05160..Hepatitis.C","map05160..Hepatitis.C"," 5694"," 1211"," 3174"," 4269"," 5788"," 3261"," 5315"," 3917","14993","12714"," 8786","10124"," 6071"," 7013"," 5615"
"map05161..Hepatitis.B","map05161..Hepatitis.B","2356"," 583","1569","1871","2749","1478","2542","1781","7129","6026","4220","4890","2678","3541","2711"
"map05162..Measles","map05162..Measles"," 8504"," 2253"," 5880"," 5813"," 8894"," 4562"," 7761"," 6624","21207","19075","13125","14232"," 8337","11285"," 9006"
"map05163..Human.cytomegalovirus.infection","map05163..Human.cytomegalovirus.infection","13139"," 3100"," 8570"," 9826","13523"," 7498","12465"," 9045","33729","28567","19855","23110","14194","17032","12787"
"map05164..Influenza.A","map05164..Influenza.A","33894"," 6772","15616","25869","29855","15807","24001","22223","80180","65686","38790","45742","33204","33252","24074"
"map05165..Human.papillomavirus.infection","map05165..Human.papillomavirus.infection"," 8015"," 1850"," 5150"," 5969"," 8014"," 4554"," 7546"," 5506","20775","17647","12801","14134"," 8703","10482"," 8167"
"map05166..Human.T.cell.leukemia.virus.1.infection","map05166..Human.T.cell.leukemia.virus.1.infection"," 4872"," 1245"," 3159"," 3691"," 4953"," 2891"," 4934"," 3537","13458","10990"," 8241"," 9070"," 5631"," 6657"," 5116"
"map05167..Kaposi.sarcoma.associated.herpesvirus.infection","map05167..Kaposi.sarcoma.associated.herpesvirus.infection","33634"," 8077","25441","26368","34360","17963","28224","21098","80753","67109","47676","53139","31762","39830","30546"
"map05168..Herpes.simplex.virus.1.infection","map05168..Herpes.simplex.virus.1.infection","2687"," 535","1531","1879","2530","1330","2303","1561","6374","5523","3723","4614","2812","3199","2390"
"map05169..Epstein.Barr.virus.infection","map05169..Epstein.Barr.virus.infection"," 5814"," 1461"," 4058"," 4521"," 6320"," 3606"," 5677"," 4286","15394","13167"," 9283","10467"," 6668"," 7962"," 5983"
"map05170..Human.immunodeficiency.virus.1.infection","map05170..Human.immunodeficiency.virus.1.infection","14090"," 3387"," 9087","10379","13974"," 7806","12782"," 9362","34928","29574","20848","24178","15187","17623","13248"
"map05200..Pathways.in.cancer","map05200..Pathways.in.cancer","19543"," 4620","12137","14662","19960","10950","18075","13870","49256","42236","28752","32987","21122","24727","19646"
"map05202..Transcriptional.misregulation.in.cancer","map05202..Transcriptional.misregulation.in.cancer"," 5658"," 1135"," 2706"," 4330"," 5593"," 2339"," 3977"," 3110","11855","10294"," 7342"," 8116"," 5546"," 5973"," 4609"
"map05203..Viral.carcinogenesis","map05203..Viral.carcinogenesis","11151"," 2843"," 8627"," 9297","13174"," 7226","11832"," 8754","31146","27316","18931","21488","12775","16059","12433"
"map05204..Chemical.carcinogenesis","map05204..Chemical.carcinogenesis","1296"," 406","1292"," 893","1581","1137","1701","1233","4587","3985","2948","3389","1392","2540","1958"
"map05205..Proteoglycans.in.cancer","map05205..Proteoglycans.in.cancer"," 44072","  9064"," 22354"," 33284"," 40386"," 21275"," 32960"," 28600","103956"," 86225"," 52871"," 62027"," 42918"," 45581"," 33174"
"map05206..MicroRNAs.in.cancer","map05206..MicroRNAs.in.cancer"," 3635","  932"," 2619"," 2885"," 4128"," 2236"," 3806"," 2643","10405"," 8659"," 6255"," 7029"," 4099"," 5248"," 4067"
"map05210..Colorectal.cancer","map05210..Colorectal.cancer","3459"," 921","2652","2747","3952","2157","3551","2526","9451","8140","5606","6295","3779","4821","3685"
"map05211..Renal.cell.carcinoma","map05211..Renal.cell.carcinoma","3501"," 918","2648","2830","3773","2233","3595","2716","9539","8421","5638","6431","3908","4949","3823"
"map05212..Pancreatic.cancer","map05212..Pancreatic.cancer","3099"," 820","2391","2366","3298","1922","3139","2312","8363","7402","4941","5544","3454","4387","3365"
"map05213..Endometrial.cancer","map05213..Endometrial.cancer","1459"," 419","1183","1077","1690","1071","1741","1252","4638","3929","2940","3153","1760","2356","1888"
"map05214..Glioma","map05214..Glioma"," 6466"," 1395"," 3858"," 4725"," 6406"," 3649"," 6008"," 4495","16032","13395"," 9539","10773"," 6963"," 7748"," 6137"
"map05215..Prostate.cancer","map05215..Prostate.cancer"," 7498"," 1853"," 4411"," 5607"," 7648"," 4198"," 6926"," 5583","19129","16613","11223","12271"," 8302"," 9515"," 8232"
"map05216..Thyroid.cancer","map05216..Thyroid.cancer","1058"," 319"," 936"," 807","1256"," 830","1363"," 995","3575","2951","2154","2366","1328","1797","1411"
"map05217..Basal.cell.carcinoma","map05217..Basal.cell.carcinoma","306"," 68","181","218","335","197","289","183","833","742","597","607","323","423","370"
"map05218..Melanoma","map05218..Melanoma","1063"," 320"," 943"," 812","1260"," 831","1369"," 997","3596","2974","2163","2390","1334","1807","1420"
"map05219..Bladder.cancer","map05219..Bladder.cancer","1049"," 315"," 939"," 804","1257"," 821","1363"," 995","3559","2938","2152","2366","1319","1797","1413"
"map05220..Chronic.myeloid.leukemia","map05220..Chronic.myeloid.leukemia","1393"," 388","1131","1016","1582","1032","1668","1214","4453","3679","2698","2995","1685","2271","1774"
"map05221..Acute.myeloid.leukemia","map05221..Acute.myeloid.leukemia","1443"," 408","1150","1074","1605","1007","1660","1210","4394","3720","2693","2951","1762","2229","1732"
"map05222..Small.cell.lung.cancer","map05222..Small.cell.lung.cancer","143"," 36","104","139","176","101","182","125","414","329","269","271","177","198","172"
"map05223..Non.small.cell.lung.cancer","map05223..Non.small.cell.lung.cancer","1587"," 440","1296","1199","1825","1127","1891","1348","5068","4220","3124","3371","1915","2531","1983"
"map05224..Breast.cancer","map05224..Breast.cancer","1754"," 477","1338","1297","1944","1205","1955","1395","5248","4486","3299","3582","2091","2662","2111"
"map05225..Hepatocellular.carcinoma","map05225..Hepatocellular.carcinoma","33794"," 6799","15777","25823","29981","15899","24164","22174","80457","66026","39040","45832","33157","33371","24253"
"map05226..Gastric.cancer","map05226..Gastric.cancer","1891"," 510","1448","1426","2065","1290","2062","1461","5567","4732","3533","3812","2225","2827","2261"
"map05230..Central.carbon.metabolism.in.cancer","map05230..Central.carbon.metabolism.in.cancer"," 4659"," 1157"," 3331"," 3497"," 4853"," 2958"," 4645"," 3703","12309","10563"," 7716"," 8512"," 5480"," 6252"," 4911"
"map05231..Choline.metabolism.in.cancer","map05231..Choline.metabolism.in.cancer","2815"," 756","2243","2131","3085","1747","2908","2124","7827","6749","4790","5194","3255","4059","3092"
"map05235..PD.L1.expression.and.PD.1.checkpoint.pathway.in.cancer","map05235..PD.L1.expression.and.PD.1.checkpoint.pathway.in.cancer","2794"," 754","1927","2060","2913","1804","2955","2041","8061","6839","4950","5476","3140","4100","3132"
"map05322..Systemic.lupus.erythematosus","map05322..Systemic.lupus.erythematosus"," 5136"," 1389"," 4653"," 4807"," 6214"," 3397"," 5325"," 4458","12643","11830"," 8548"," 9135"," 6750"," 7167"," 5552"
"map05323..Rheumatoid.arthritis","map05323..Rheumatoid.arthritis","2199"," 423","1191","1580","1948"," 982","1718","1284","4713","3910","3162","3327","2195","2350","1892"
"map05340..Primary.immunodeficiency","map05340..Primary.immunodeficiency","12"," 2"," 4","12"," 8"," 6"," 6"," 6","19","23","16","12","15","10"," 5"
"map05410..Hypertrophic.cardiomyopathy","map05410..Hypertrophic.cardiomyopathy","34659"," 6962","17122","26339","30942","16785","25350","23586","84988","70409","40965","49333","34291","37054","26167"
"map05412..Arrhythmogenic.right.ventricular.cardiomyopathy","map05412..Arrhythmogenic.right.ventricular.cardiomyopathy","32207"," 6360","14386","24602","28075","14727","22389","21351","75837","62146","35950","42950","31102","31025","22311"
"map05414..Dilated.cardiomyopathy","map05414..Dilated.cardiomyopathy","32597"," 6459","14667","24892","28531","14997","22837","21643","77108","63124","36661","43754","31577","31654","22729"
"map05416..Viral.myocarditis","map05416..Viral.myocarditis","32573"," 6453","14900","24931","28543","14941","22637","21108","76183","62523","36210","42791","31539","31285","22535"
"map05418..Fluid.shear.stress.and.atherosclerosis","map05418..Fluid.shear.stress.and.atherosclerosis"," 44348","  9064"," 21388"," 33824"," 40268"," 21121"," 32747"," 29185","104072"," 86250"," 52112"," 60817"," 44073"," 44880"," 33851"
