"sample","X1","X2","X3","X4","X5","X6","X7","X8","X9","X10","X11","X12","X13","X14","X15","X16","X17","X18","X19","X20","X21","X22","X23","X24","X25","X26","X27","X28","X29","X30","X31","X32","X33","X34","X35","X36","X37","X38","X39","X40","X41","X42","X43","X44","X45","X46","X47","X48","X49","X50","X51","X52","X53","X54","X55","X56","X57","X58","X59","X60","X61","X62","X63","X64","X65","X66","X67","X68","X69","X70"
"Sample_Type_IS","BAL","BAL","BAL","BAL","BAL","BAL","BAL","BAL","BAL","BAL","BAL","BAL","BAL","BAL","BAL","BAL","BAL","BAL","BAL","BAL","BAL","BAL","BAL","BAL","BAL","UA","BAL","BAL","UA","BAL","UA","BAL","UA","BAL","UA","BAL","BAL","BAL","BAL","BAL","BAL","BAL","BAL","BAL","BAL","BAL","BAL","BAL","BAL","BAL","BAL","BAL","BAL","BAL","BAL","BAL","BAL","BAL","UA","BAL","UA","BAL","BAL","UA","BAL","BAL","UA","BAL","UA","BAL"
"map00010.Glycolysis...Gluconeogenesis","   4212","  35955","  10735","  13947","   7598","  12007","   5023","  52763","2242294","2329711","   9615","   2795","   4280","    282","   1147","   1326","    843","   1014","    944","    179","    147","   8472","    767","   1656","   9239","  72634","    290","   7974","   1205","    249"," 319750","    355","  15479","    231","1437125","  12091","    336","  24424","  20435","    156","  10437","  12949","  10264","  19829","   3440","   9684","  15725","   2534","   2210","    544","    553","  30895","   1933","    657"," 163857","    671","1080602","   1154","  91165","    310","  37120","   1081","    412"," 265153","  10897","    206","  76128","   1311","   8317","    115"
"map00071.Fatty.acid.degradation","  2479","  7497","  3933","  6241","  1567","  3902","  1815","  8206","106518","159949","   467","   401","  2048","    85","   246","   214","   305","   100","   243","    61","    36","  4759","    78","   107","   370"," 20177","    88","  1424","   116","    54"," 39372","    98","  4049","    56","146371","  4208","    18","  4758","  8424","    27","  5265","  4698","  3819","  9289","   370","  2749","  1493","   208","   724","   115","    63"," 13379","   140","    81"," 24779","   110"," 51062","   120"," 18401","   108","  8225","   110","   104"," 19362","  1138","    45"," 11355","   322","  3288","    42"
"map00350.Tyrosine.metabolism"," 1333"," 4683"," 2247"," 3556"," 2595"," 1943","  797"," 4488","71564","81504","  332","  203","  968","   57","  136","  139","  133","   57","  132","   28","   25"," 1582","   33","   65","  310","17997","   65"," 1010","   48","   17","22099","   25"," 3901","   27","50177"," 2778","   25"," 3888"," 5675","   15"," 3600"," 3421"," 2090"," 5213","  170"," 2822","  630","  111","  444","   53","   29"," 7856","   57","   37"," 5249","   53","33794","   54","18147","   76"," 4992","   57","   59"," 7400","  871","   20"," 5098","  175"," 1827","   23"
"map00620.Pyruvate.metabolism","   4390","  27837","  10384","  15326","   6899","   9570","   5768","  48580","2238008","2419007","   5516","   2615","   4326","    241","   1126","   1396","    794","    922","    846","    189","     93","   7269","    705","   1595","   5669","  62209","    249","   5127","    980","    159"," 198609","    270","  15401","    254","1297623","  13536","    367","  16346","  20604","    124","  12304","  13625","   8038","  22760","   2779","  12451","  11996","   2547","   2505","    469","    563","  31193","   1681","    663"," 161238","    590","1033737","    942","  84826","    378","  29444","   1036","    278"," 146187","   9904","    155","  52709","   1237","   9374","     92"
"map00625.Chloroalkane.and.chloroalkene.degradation","   391","  1706","  1502","  1348","   639","  1443","   472","  3392"," 59405","108012","   386","   176","   504","    33","    74","   103","   104","    53","    96","    24","    17","  1113","    42","    55","   280"," 16528","    25","   479","    81","    37"," 19214","    83","  1769","    22","119050","  1007","     4","  2431","  2277","    12","   928","  1433","  1089","  2997","   267","   658","   929","   134","   320","    86","    26","  3309","    82","    64"," 19434","    57"," 45493","    72","  4144","    36","  3381","    69","    55","  7976","   649","    21","  5048","    87","   742","    25"
"map00626.Naphthalene.degradation","  192"," 1190","  836"," 1087","  544","  579","  224"," 2559","50415","53601","  269","  115","  329","   24","   36","   66","   60","   22","   49","   11","   10","  493","   15","   31","  202","15475","   12","  286","   35","    4","17368","   13","  863","   13","33015","  330","    2"," 1982"," 1702","    8","  597"," 1027","  743"," 2012","   86","  667","  370","   69","  171","   44","    9"," 1080","   20","   24"," 2091","   17","28280","   36"," 2891","   22"," 2806","   32","   34"," 3792","  355","    4"," 2454","   59","  214","   12"
"map00830.Retinol.metabolism","  174"," 1066","  695","  807","  307","  491","  145"," 1715","32691","37491","  178","   59","  224","   20","   22","   26","   58","   29","   30","    3","    6","  288","    8","   11","   74","11180","   12","  168","   25","    0","16171","   12","  506","   11","11010","  177","    0"," 1554"," 1274","    7","  494","  852","  475"," 1340","   58","  602","  191","   32","  111","   37","    8"," 1049","   10","   19"," 1669","   15","16575","   31"," 2225","    9"," 2192","   14","    7"," 1849","  211","    2"," 1424","   39","  176","    6"
"map00980.Metabolism.of.xenobiotics.by.cytochrome.P450","  268"," 2108"," 1051"," 1210","  486","  997","  311"," 1920","32654","37060","  184","   86","  325","   20","   37","   35","   68","   20","   41","    9","    9","  583","    8","   11","   75","11424","   22","  322","   25","    4","16423","   13","  865","   18","11008","  666","    7"," 2127"," 2268","    8"," 1116"," 1802","  672"," 1779","   61"," 1430","  211","   34","  182","   37","    9"," 1650","   11","   20"," 1793","   18","16701","   31"," 2805","   20"," 2297","   16","   16"," 1690","  295","    3"," 1674","   44","  319","    7"
"map00982.Drug.metabolism...cytochrome.P450","  273"," 2169"," 1089"," 1207","  588"," 1009","  321"," 2068","32654","37094","  184","   87","  325","   32","   38","   35","   69","   20","   41","   11","    9","  597","    8","   11","   75","11434","   22","  351","   25","    4","16463","   16","  881","   18","11008","  874","    9"," 2176"," 2532","    8"," 1205"," 1891","  666"," 1719","   63"," 1430","  211","   34","  163","   37","    8"," 1677","   12","   20"," 1812","   18","16710","   33"," 2929","   22"," 2449","   16","   16"," 1690","  295","    3"," 1718","   50","  319","    7"
"map00040.Pentose.and.glucuronate.interconversions"," 1547"," 4122"," 2831"," 2658"," 1412"," 1746","  531"," 3860","95378","97623","  315","  242","  892","   26","  121","  114","  168","   68","   68","   13","    8"," 2221","   44","  121","  315"," 3759","   32","  831","   35","   14"," 9460","   19"," 2817","   29","47523"," 3413","   38"," 1836"," 6218","    8"," 3565"," 3067"," 2032"," 4083","  147"," 1584","  868","  116","  473","   25","   33"," 9167","   68","   27"," 6999","   35","37574","   63"," 6347","   47"," 3754","   45","   17"," 9156","  642","   22"," 5253","  193"," 3178","    9"
"map00053.Ascorbate.and.aldarate.metabolism","   710","  3472","  1056","  1749","   738","  1529","   480","  1925"," 21391"," 70004","   169","   150","   533","    28","    79","   104","    99","    57","    79","    34","    18","  1666","    44","    75","   108","  2014","    28","   674","    63","    37","  7150","    73","  2125","    23","116297","  3036","     6","  1431","  3511","     8","  1808","  1945","  1243","  2443","   237","  2115","   730","   118","   414","    48","    19","  6123","   100","    46"," 20111","    56"," 45705","    57","  4150","    40","  2338","    61","    22","  7862","   362","    26","  5099","    83","  1541","    17"
"map00561.Glycerolipid.metabolism","  1398","  3086","  1559","  2057","  1558","  1588","   995","  5502","199765","270200","   565","   366","   966","    33","   177","   185","   140","   101","   134","    46","    23","  2482","    88","   171","   833","  8740","    42","  1237","   139","    50"," 16821","    90","  2778","    35","178403","  2534","    45","  2956","  5268","     9","  2283","  2412","  2077","  3545","   389","  2438","  1762","   257","   403","    87","    74","  7468","   169","    98"," 25364","    90"," 98407","   121","  9973","    45","  5297","   125","    33"," 16753","   866","    36","  8334","   196","  1852","    24"
"map00930.Caprolactam.degradation"," 388"," 740"," 643","1034","  43"," 354"," 161"," 863","5891","5752","  25","  19"," 284","   7","  29","  39","  43","   5","  42","  14","   1"," 347","   8","   3","  17"," 140","  13"," 109","   0","   4"," 639","   1"," 364","   1"," 890"," 924","   2"," 537","1268","   2"," 982","1161"," 395","1420","   9"," 282"," 140","   9"," 173","   6","   4","1818","  24","   2"," 831","   8","2516","   8","1466","   0"," 879","  15","  11"," 386","  85","   8"," 893","  41"," 520","   6"
"map00260.Glycine..serine.and.threonine.metabolism.","  2189"," 12248","  4679","  6536","  4528","  4722","  2454"," 17651","771335","755930","  1783","   896","  1826","   106","   403","   395","   328","   304","   388","    90","    52","  4860","   281","   495","  1693"," 23119","   167","  2815","   306","    45"," 89709","    84","  9464","    60","312819","  8213","   134","  7561"," 13924","    40"," 10247","  8382","  5642"," 11240","   801","  5613","  3934","   889","  1103","   132","   181"," 18787","   585","   201"," 41709","   218","265112","   349"," 54667","   205"," 14295","   278","   197"," 43311","  2812","    62"," 23210","   561","  5756","    51"
"map00270.Cysteine.and.methionine.metabolism","  2564"," 14753","  4488","  9736","  3765","  4970","  2720"," 19072","562419","701400","  2004","   771","  1638","   108","   336","   425","   233","   259","   358","    76","    62","  3955","   232","   571","  1493"," 29987","   122","  2531","   304","    46"," 64014","   102","  8794","    79","378097","  6028","   108","  9732"," 11887","    54","  7646","  7263","  5768","  9419","   929","  4702","  3787","   725","   958","   136","   156"," 17135","   767","   150"," 33553","   196","239237","   296"," 44471","   179"," 13329","   330","   168"," 56307","  3464","    69"," 18245","   528","  4420","    44"
"map00300.Lysine.biosynthesis","  1101","  6999","  2263","  2740","  1453","  2103","  1081","  8187","330094","373633","  1028","   329","  1144","    50","   202","   192","   124","   155","   192","    33","    27","  1798","   126","   177","   763"," 14689","    66","   998","   153","    19"," 31376","    42","  3852","    37","163568","  2751","    53","  4573","  6475","    12","  3546","  3835","  2177","  3907","   417","  1910","  1942","   392","   475","    92","    71","  6250","   235","    66"," 16219","   124","124648","   136"," 30503","    88","  7317","   170","    41"," 25572","  1772","    34"," 10817","   288","  1775","    13"
"map00650.Butanoate.metabolism","  2694"," 13247","  4989","  7837","  3481","  4291","  2618"," 18304","809966","837190","  1872","  1061","  2744","    91","   634","   556","   374","   337","   461","    87","    51","  4922","   265","   640","  2650"," 55872","   101","  2629","   382","    67"," 84248","    68","  7494","   112","565130","  8028","   115","  6005"," 12423","    55","  6336","  8783","  5512"," 11776","  1121","  5438","  4560","   968","  1405","   194","   220"," 15329","   774","   241"," 66772","   217","386052","   389"," 36856","   180"," 16572","   387","   276"," 81466","  4232","    62"," 23788","   609","  4959","    71"
"map00640.Propanoate.metabolism","   2547","  12732","   3927","   8128","   2167","   6062","   2209","  23939","1087192","1217367","   2192","   1344","   2482","    129","    530","    649","    436","    435","    531","     88","     37","   5556","    339","    856","   3013","  42190","    122","   2448","    473","     48","  74974","     77","   8011","    102"," 637915","   5395","    178","   8924","  12295","     55","   7955","   7461","   3737","  11050","   1266","   7545","   5784","   1258","   1549","    227","    303","  17388","    957","    370","  78589","    303"," 559829","    453","  44186","    146","  12289","    564","    140","  48642","   4849","     80","  20982","    635","   4408","     64"
"map00564.Glycerophospholipid.metabolism","  1228","  5726","  2291","  3156","  1505","  2660","  1298","  5769","210668","218189","   536","   335","   939","    30","   199","   215","    90","    79","   186","    45","    25","  1757","    87","   130","   657","  5512","    56","  1081","    98","    27"," 25873","    44","  3495","    38"," 90470","  4081","    37","  3191","  7563","    23","  3019","  3524","  2666","  3865","   178","  3896","  1080","   224","   642","    49","    65","  7988","   131","    57"," 11532","    79"," 74331","   144"," 14824","   107","  6253","    86","    17"," 15255","   745","    25","  9730","   305","  2321","    20"
"map00051.Fructose.and.mannose.metabolism","  1746"," 12246","  3163","  5513","  2360","  2792","  1588"," 10533","450029","473243","  1996","   563","  1479","   113","   336","   282","   197","   193","   268","    67","    43","  3737","   146","   371","  2019"," 29315","    74","  2108","   290","    67"," 87478","    41","  6155","    87","312624","  5635","    61","  7141","  8101","    33","  3811","  5620","  3615","  6158","   798","  3137","  3578","   592","   748","   106","   124"," 11727","   494","   145"," 26688","   128","217004","   314"," 28456","   112"," 11292","   257","    87"," 63814","  2398","    35"," 17756","   356","  3408","    34"
"map00521.Streptomycin.biosynthesis","  16902","  95984","  41297","  67599","  39056","  54720","  17385","  23366"," 278000"," 432500","   1090","   1685","  11122","    655","   2798","   3157","   1799","    916","   1444","    536","    372","  24367","   1576","    640","   9863"," 244028","   1108","   3386","   3037","    851"," 297499","    244","  25444","    612"," 533337","  57687","    897","  92011","  76376","    635","  52255","  84683","  58855","  96007","   1265","  35487","   4491","    819","   7365","    670","   1183","  87140","    545","   1139","  52055","    416","1357293","    387"," 199223","   1109","  67811","    408","   1129","1054271","  15109","    550"," 210624","   2801","  11871","    360"
"map00562.Inositol.phosphate.metabolism","  655"," 3306"," 1528"," 2404","  406"," 1283","  522"," 1661","68083","82084","  283","  166","  760","   38","   82","  118","   90","   39","   87","   13","    2","  721","   51","   33","  394"," 2963","   42","  527","   60","   10","12409","   14"," 2423","    8","42528"," 2057","   24"," 1700"," 3357","   16"," 1652"," 2012"," 1143"," 2336","   98"," 1527","  791","  115","  338","   22","   39"," 6003","   90","   15"," 5506","   29","32878","   59","11582","   43"," 3747","   36","   29","10276","  478","   11"," 3025","   67"," 1644","   11"
"map00052.Galactose.metabolism","  1474","  5877","  2558","  3720","  1441","  3020","  1042"," 10003","386870","423026","  1234","   488","  1105","    68","   284","   295","   187","   124","   231","    45","    21","  2087","   105","   215","  1706"," 14209","    51","  1507","   209","    44"," 46753","    48","  3354","    49","214756","  3649","    63","  5996"," 10556","    38","  3669","  3469","  2510","  5237","   538","  2245","  2451","   409","   623","    82","   105"," 10321","   258","    93"," 23807","   107","162000","   248"," 19236","    55","  7563","   175","   115"," 44378","  1806","    33"," 19347","   257","  2798","    19"
"map00790.Folate.biosynthesis","   976","  4480","  1851","  3552","  1153","  1035","   820","  5631","216437","229305","   433","   191","   959","    50","   133","   140","   128","   100","   170","    21","     6","  2184","    85","   232","   428","  4531","    41","   915","   109","    18"," 21661","    15","  2099","    16"," 88440","  3131","    47","  2130","  6504","    11","  2581","  1443","  1315","  3437","   208","  2870","  1024","   267","   343","    28","    64","  6415","    98","    53","  8294","    56"," 80651","   150"," 22823","    86","  3822","    86","    14","  9138","  1252","    15","  4122","   251","  1827","    11"
"map00520.Amino.sugar.and.nucleotide.sugar.metabolism","   2784","  15795","   5458","   7541","   3347","   4383","   3244","  24564"," 950494","1000303","   2634","   1280","   2112","    125","    509","    631","    435","    404","    429","     65","     72","   3865","    346","    697","   2844","  31270","    111","   3266","    418","    106","  89598","     99","   7207","    115"," 506280","   6955","    182","   9862","  14863","     61","   6864","   6918","   4502","  11402","   1081","   4319","   5622","   1025","   1310","    198","    235","  19430","    672","    206","  41632","    277"," 370006","    434","  43904","    159","  16204","    395","    229","  72015","   3947","    106","  28953","    577","   5089","     59"
"map00541.O.Antigen.nucleotide.sugar.biosynthesis","  17391"," 100758","  42268","  69950","  39737","  55915","  18367","  27256"," 449306"," 587381","   1218","   1879","  11314","    682","   2913","   3223","   1905","    962","   1521","    546","    382","  24608","   1624","    687","   9559"," 244398","   1109","   4012","   3059","    851"," 309341","    236","  27155","    648"," 562069","  58888","    930","  93736","  79442","    638","  52916","  86711","  59755","  98602","   1319","  37427","   5377","    982","   7663","    694","   1198","  89255","    634","   1151","  57552","    454","1372413","    486"," 205126","   1126","  70570","    418","   1179","1054831","  15411","    573"," 209331","   2959","  13673","    365"
"map00340.Histidine.metabolism","  1332","  3910","  2269","  2103","  1622","  2875","   793","  3546"," 41964"," 88459","   192","   215","   818","    62","   160","   127","    82","    44","   169","    49","    27","  1631","    69","    77","   237","  4398","    41","   754","    73","    46","  8597","    83","  3241","    19","105150","  3229","    15","  2532","  5127","    15","  3964","  2456","  1548","  3721","   228","  1775","   881","   108","   366","    48","    36","  7177","    95","    50"," 21296","    75"," 26694","    65"," 12023","    53","  3514","    60","    33"," 10046","   541","    24","  5892","   102","  1740","    22"
"map00400.Phenylalanine..tyrosine.and.tryptophan.biosynthesis.","  1366","  6224","  2631","  3794","  2080","  2547","  1343","  9595","363434","341488","   685","   433","   960","    53","   262","   225","   115","   136","   177","    37","    22","  2658","   137","   267","  1198"," 11201","    70","  1185","   116","    19"," 26439","    45","  3290","    33","124455","  3796","    51","  3275","  6491","    12","  5606","  4024","  1948","  4532","   368","  3762","  1896","   338","   445","    67","   102","  8903","   223","    71"," 13619","    91","126647","   136"," 20674","    71","  5458","   131","    41"," 13642","  1725","    13","  6808","   286","  2394","    24"
"map00999.Biosynthesis.of.various.plant.secondary.metabolites","  441"," 2015","  721"," 1689","  455","  319","  470"," 2943","73608","78036","  256","  121","  512","   20","   23","   71","   23","   30","   42","   10","    5","  616","   24","   42","  233"," 2777","    6","  308","   43","    7"," 8828","   19","  776","    8","44948","  910","   11"," 1021"," 1944","    5"," 1658","  870","  638"," 1275","  123","  809","  344","   77","  153","   19","   16"," 1612","  100","   23"," 4154","   11","26463","   33"," 3224","   17"," 1651","   49","   23"," 6124","  543","   10"," 1723","   68","  624","   15"
"map00630.Glyoxylate.and.dicarboxylate.metabolism","  7920"," 29735"," 18422"," 29490"," 15590"," 25934","  7621"," 22420","622079","660899","  1568","  1695","  6155","   284","   977","   680","   823","   443","   768","   197","   143"," 13307","   238","   570","  1476"," 18510","   380","  4504","   329","    93"," 77316","   168"," 16663","   194","324888"," 24853","   189"," 24446"," 31594","   141"," 24410"," 37166"," 25529"," 42385","   980"," 19039","  4918","   980","  3729","   242","   236"," 56993","   711","   252"," 46880","   339","212501","   451","101180","   367"," 19418","   322","   387"," 31646","  3643","   106"," 27480","   941"," 10936","   121"
"map00680.Methane.metabolism","  2178"," 14399","  3772","  7847","  4381","  6031","  2560"," 23747","725126","818417","  3685","  1048","  2205","   127","   466","   449","   406","   390","   445","    87","    79","  4444","   220","   713","  3290"," 24657","   170","  3288","   459","    91","117961","   121","  9100","   117","532724","  4867","    89"," 11395"," 10238","    62","  7290","  9332","  5795","  9996","  1278","  6847","  5876","   903","  1188","   171","   191"," 15194","   854","   239"," 56253","   217","393933","   433"," 52154","   149"," 16572","   419","   207","103536","  4071","    71"," 32579","   610","  5093","    45"
"map00280.Valine..leucine.and.isoleucine.degradation.","  2630","  9747","  4049","  8039","  2665","  5034","  2345","  8754","404431","427978","   789","   621","  2252","   150","   365","   342","   318","   212","   364","    81","    48","  4646","   173","   309","   760","  8930","   100","  1757","   235","    70"," 41693","   133","  6395","    63","280997","  5433","    97","  5999","  9085","    36","  6372","  6353","  3860"," 11779","   626","  3336","  2347","   518","   867","   106","   142"," 18033","   514","   154"," 40166","   165","165834","   238"," 30640","   145","  8221","   224","   176"," 27665","  2034","    55"," 13557","   358","  4450","    57"
"map00900.Terpenoid.backbone.biosynthesis","  1108","  4977","  1995","  3611","  1619","  2061","  1355","  4719","227419","240136","   453","   364","   989","    41","   203","   169","   123","    96","   138","    24","    20","  1970","    79","   154","   692","  7074","    42","  1198","    94","    27"," 36456","    25","  2798","    28","111246","  3914","    36","  3390","  4883","     9","  2007","  3635","  2781","  6167","   250","  2221","  1200","   310","   470","    42","    71","  6254","   166","    44"," 10887","    51"," 71416","   138"," 19817","    76","  5539","   101","   121"," 27465","  1102","    14","  8118","   170","  1230","    10"
"map00062.Fatty.acid.elongation","  0","  0"," 55"," 76"," 10"," 51","147","201"," 11"," 12","  0","  0","  3","  4","  1","  8","  0","  1","  0","  2","  0","  0","  0","  0"," 23","158","  0","  7","  0","  3"," 24","  1","  0","  2","  1","  0","  1","139"," 48","  0"," 82","  4"," 36","  0","  0","  0"," 36","  0","  2","  0","  0","294","  0","  1","102","  1","  0","  0","194","  1"," 25","  0","  0","  1","  2","  2","  3"," 35","  0","  0"
"map00310.Lysine.degradation","  1504","  6650","  2517","  4218","  1707","  2187","  1390","  5096","375059","364187","   534","   532","  1471","    37","   225","   229","   212","   188","   221","    56","    26","  2807","   142","   179","   623","  5464","    73","  1182","   173","    46"," 27880","    90","  3982","    45","178019","  3932","    95","  3776","  4520","    26","  3038","  3536","  2943","  6491","   440","  2899","  1866","   428","   521","    81","   112"," 10554","   316","   128"," 35545","   129","120943","   177"," 33516","    93","  5547","   133","    91"," 13709","  1177","    42"," 11274","   233","  2617","    34"
"map00380.Tryptophan.metabolism","  1766","  7136","  3047","  4679","  2271","  3223","  1681","  5731","376600","377801","   555","   494","  1572","    55","   265","   263","   242","   203","   271","    52","    35","  3015","   128","   185","   640","  7233","    85","  1078","   180","    44"," 28158","    97","  4343","    39","181549","  4747","    91","  5805","  6301","    26","  3901","  4826","  4034","  7330","   463","  2479","  2177","   479","   675","    88","   116"," 10373","   213","   134"," 34448","   136","125655","   199"," 31955","   108","  6101","   141","   168"," 13402","  1112","    52","  8930","   267","  3101","    37"
"map00020.Citrate.cycle..TCA.cycle.","  2443"," 16241","  5615","  8266","  4390","  6151","  2865"," 18584","993422","951780","  1842","  1267","  2783","   109","   640","   534","   322","   423","   436","    93","    56","  4753","   321","   524","  1750"," 16714","   206","  2054","   393","    88","103201","   130"," 10404","   137","414433","  8177","   184","  8160"," 15153","    54","  7534","  9216","  6459"," 10555","  1078","  6812","  3906","  1002","  1458","   169","   236"," 22262","   763","   240"," 52134","   284","305061","   437"," 88816","   277"," 15435","   349","   123"," 67142","  2235","    96"," 24512","   592","  5641","    56"
"map00710.Carbon.fixation.in.photosynthetic.organisms","  6501"," 31959"," 18463"," 25143"," 16165"," 24574","  6853"," 34991","786189","864782","  4984","  1695","  5351","   242","   976","   738","   846","   625","   580","   172","   142"," 10503","   313","   810","  3881"," 26487","   300","  5736","   563","   149","149660","   162"," 12001","   207","606072"," 22496","   161"," 24866"," 26070","   159"," 20079"," 33894"," 24979"," 37073","  1762"," 13919","  7913","  1054","  3101","   285","   281"," 49040","  1033","   317"," 68169","   340","423709","   644"," 50356","   250"," 23016","   538","   272","125680","  7194","   121"," 38796","  1124","  6772","    85"
"map00720.Carbon.fixation.pathways.in.prokaryotes","  2834"," 16609","  4789","  8660","  4336","  7154","  2764"," 18339","630203","882369","  1818","  1051","  2545","    92","   628","   568","   389","   336","   382","    82","    61","  5668","   242","   911","  1570"," 26361","   147","  2211","   426","   107","103622","   106"," 10616","   146","500123","  6854","   100","  8908"," 12754","    63","  8460"," 10144","  5149"," 12486","  1163","  8292","  4432","   785","  1381","   199","   164"," 18716","   894","   262"," 43906","   241","388274","   430"," 47006","   195"," 16205","   435","   173"," 87409","  2829","    92"," 31974","   569","  5246","    78"
"map00480.Glutathione.metabolism","  1948","  7907","  2192","  4274","  1811","  3511","  1248","  6673","260416","283075","   908","   404","   973","    63","   258","   247","   130","   147","   169","    45","    67","  2172","   108","   275","   721"," 15755","   100","  1389","   102","    60"," 17726","    76","  4285","    73","144049","  4062","    50","  5780","  6338","    27","  3279","  3755","  1919","  6398","   422","  4397","  1726","   330","   608","   105","    80"," 10214","   255","    81"," 14001","   110"," 92216","   161"," 18106","   108","  5311","   154","   133"," 12592","  1927","    69","  7875","   192","  2759","    54"
"map00030.Pentose.phosphate.pathway","  2366"," 14224","  3945","  7424","  4298","  3909","  2210"," 24573","776213","814421","  3172","   903","  1966","   138","   489","   576","   360","   400","   448","    73","    90","  3923","   251","   642","  3183"," 24375","   117","  2920","   405","   116"," 87377","    93","  6250","   109","431580","  5767","    95"," 10136","  8869","    43","  6322","  6534","  4545","  8332","  1142","  3752","  5319","   856","   930","   178","   212"," 16460","   600","   243"," 42309","   252","411085","   450"," 31331","   127"," 12758","   363","   146"," 68038","  4239","    72"," 21429","   541","  3855","    39"
"map00140.Steroid.hormone.biosynthesis","  4","  0"," 12"," 52","  9","  0","  0"," 48","  9","  1","  0","  0","  0","  0","  0","  0","  0","  0","  0","  0","  0","  0","  0","  0","  6"," 75","  0","  3","  0","  1"," 25","  0","  0","  0"," 57"," 19","  0","  3"," 59","  0"," 74"," 21","  7"," 20","  2","  0","  0","  2","  0","  0","  1"," 35","  0","  0","  1","  0","162","  0","211","  0","  1","  0","  0","  0","  0","  0","244","  1","  0","  0"
"map00290.Valine..leucine.and.isoleucine.biosynthesis.","  1663","  9406","  2542","  2867","  2499","  2768","  1655"," 11556","651926","614458","  1234","   615","  1131","    61","   248","   314","   144","   234","   185","    24","    33","  2282","   173","   429","  1597","  9641","    78","  1427","   204","    16"," 29199","    49","  3327","    45","168716","  3248","    97","  5752","  6725","    35","  3198","  3857","  3396","  4409","   482","  2674","  3606","   569","   660","   102","   150","  8243","   337","   134"," 28965","   145","264120","   248"," 28615","    93","  6060","   176","   106"," 22392","  2644","    37","  7739","   360","  2664","    12"
"map00660.C5.Branched.dibasic.acid.metabolism","  1051","  5963","  1603","  1232","   847","  2102","  1038","  6262","401788","358565","   459","   364","   676","    25","    97","   118","   116","   131","   111","     8","    19","  1433","   113","   250","   907","  3795","    26","   997","   114","     7"," 13596","    17","  1683","    27"," 81967","  2220","    42","  2678","  4721","    11","  1878","  2151","  1443","  2043","   241","  1513","  1722","   319","   377","    61","    87","  4708","   149","    83"," 14936","    67","161353","   150"," 17050","    39","  3359","   100","    80","  7946","  1042","    24","  3738","   205","  1054","     3"
"map00770.Pantothenate.and.CoA.biosynthesis","  1695","  8627","  3405","  2684","  2380","  3040","  1425","  9436","538430","564955","  1250","   633","  1229","    59","   246","   275","   179","   224","   207","    46","    36","  2098","   195","   398","  1642","  9049","    58","  1543","   216","    49"," 31280","   107","  4427","    39","239023","  3538","    79","  5043","  5947","    41","  2296","  4031","  2937","  6099","   599","  2182","  3268","   550","   719","   112","   112","  8517","   355","   140"," 42663","   140","218042","   247"," 21652","   113","  6917","   186","   129"," 26154","  2747","    46"," 11573","   332","  3051","    26"
"map00360.Phenylalanine.metabolism"," 2282"," 5553"," 2824"," 3419"," 2466"," 4587","  898"," 3271","36110","39788","  127","  233"," 1020","   55","  180","  123","  178","   41","  137","   31","   23"," 2985","   23","   50","  174"," 5052","   67","  886","   31","   16"," 7618","   26"," 2969","   27","24266"," 4021","   34"," 3160"," 7224","   16"," 4528"," 4237"," 2454"," 5006","   99"," 2884","  566","   90","  561","   23","   33"," 8848","   81","   33"," 4142","   37","14054","   49","10696","   65"," 4252","   42","   62"," 7293","  725","   17"," 4896","  228"," 1795","   15"
"map00622.Xylene.degradation"," 152"," 249"," 251"," 163"," 366"," 148"," 226"," 224","1828","7360","   9","  14"," 262","   3","   5","  51","  33","   0","  42","   4","   4"," 493","   5","  17","  44"," 552","   7","  33","   6","   0"," 606","   0"," 471","   1","4014","1359","   3","  15"," 469","   4"," 377"," 685"," 312","1021","  14"," 131"," 136","  23","  94","   3","   3"," 929","   4","   6"," 549","  14","1745","   7","1596","   6"," 858","   4","  24"," 278","  78","   1"," 688","   8"," 190","   0"
"map00623.Toluene.degradation"," 310"," 190","  45"," 649"," 417"," 229"," 149"," 489"," 255"," 327","   4","   8"," 141","   4","  16","   4","   2","   2","  12","   0","   0","  56","   1","   7","   1"," 168","   5","  20","   7","   1"," 237","   2"," 269","   0"," 457"," 413","   1","  87"," 175","   6"," 404"," 288"," 202"," 980","   3"," 202","  82","   2","  33","   3","   2","1037","   3","   4"," 470","   2"," 324","  18"," 953","   8"," 775","   4","  18","  91","  42","   1"," 373","  28","  53","   1"
"map00061.Fatty.acid.biosynthesis","  1610","  5718","  2054","  4741","  1692","  2718","  1585"," 13582","650436","927220","  1094","   700","  1003","    67","   225","   334","   237","   312","   197","    32","    12","  2247","   228","   574","  1753"," 19251","    79","  1350","   205","    33"," 25108","    51","  4276","    40","156085","  4500","   102","  5763","  4718","    20","  2859","  3005","  1931","  4762","   499","  2748","  4417","   728","   634","   154","   169","  9115","   360","   273"," 20802","   211","460127","   325"," 15551","    99","  5573","   290","    76"," 19203","  3043","    49"," 12620","   401","  2314","    22"
"map00333.Prodigiosin.biosynthesis","   334","  1217","   562","  1743","   496","   535","   161","  1593","126582","177412","   165","   138","   253","    19","    49","    84","    56","    58","    30","    11","     6","   741","    44","   137","   311","  1389","    17","   267","    37","     4","  4497","    18","  1275","     6"," 27915","  1793","    19","   975","  1176","     6","  1036","  1105","   469","  1145","    92","   626","   986","   177","   129","    22","    28","  2157","   107","    50","  3440","    31"," 96714","    79","  2193","    24","  1102","    75","    13","  2981","   446","     6","  3429","   132","   501","     4"
"map00780.Biotin.metabolism","   697","  2159","  1339","  2456","   657","  2518","   737","  2993","179714","284475","   455","   243","   810","    44","   116","   146","    77","    93","    84","    15","    14","  2007","    67","   223","   466","  3086","    31","   482","    76","    19","  7097","    40","  3231","    14"," 71047","  2465","    38","  2399","  2597","    11","  1537","  1949","   914","  2897","   185","  1199","  1525","   260","   326","    44","    52","  5319","   166","    69","  8547","    59","129706","   124","  6105","    41","  3028","    97","    39","  8465","  1041","    19","  6652","   216","  1478","     5"
"map00523.Polyketide.sugar.unit.biosynthesis","  16683","  94523","  40378","  66762","  38550","  54316","  17214","  20983"," 202555"," 341909","    696","   1561","  10749","    646","   2765","   3058","   1760","    875","   1391","    529","    368","  23727","   1545","    559","   9187"," 240055","   1076","   3138","   2979","    840"," 286180","    223","  24429","    604"," 468805","  56580","    872","  90998","  74159","    620","  51036","  83994","  58383","  94008","   1121","  35142","   4017","    720","   7247","    658","   1157","  83145","    462","   1114","  46538","    388","1310234","    354"," 188161","   1082","  65799","    352","   1100","1039941","  14651","    544"," 202910","   2744","  11681","    353"
"map00230.Purine.metabolism","   3549","  25840","   7938","  11703","   5888","   5839","   4563","  37836","1272916","1308679","   3283","   1470","   3261","    200","    901","    726","    419","    510","    727","    112","    114","   6425","    395","    906","   3593","  36826","    213","   4251","    525","    122"," 148670","    121","  10775","    116"," 586376","  11848","    199","  12733","  20631","    107","  11104","  10772","   7597","  15921","   1336","   9427","   7122","   1448","   1850","    200","    330","  27603","    836","    260","  54929","    300"," 462031","    538","  87984","    243","  22883","    508","    268"," 116022","   4562","    134","  46020","    969","   7415","     67"
"map00362.Benzoate.degradation"," 2055"," 5015"," 2728"," 3683","  917"," 2278"," 1332"," 2489","17928","34333","   79","  202"," 1135","   39","  187","  152","  191","   41","  191","   45","   16"," 3013","   14","  114","  124"," 3528","   54","  367","   46","   18","16692","   19"," 2790","   28","43999"," 5044","   17"," 1455"," 5242","   22"," 4013"," 4275"," 2633"," 6183","  126"," 2230","  584","  101","  498","   27","   25"," 9091","   65","   25"," 5472","   49","13743","   60","12063","   54"," 8327","   60","   77","16638","  595","   19"," 9157","  132"," 2656","   17"
"map00550.Peptidoglycan.biosynthesis","   1412","  11155","   3079","   4056","   1833","   2538","   2077","  21941","1068940","1107990","   2719","    899","   1530","     64","    408","    482","    256","    387","    300","     40","     42","   2915","    342","    550","   3332","  23846","     84","   2318","    365","     37","  43491","     54","   4822","     52"," 361410","   4826","    156","   7019","   7955","     22","   6295","   4079","   3921","   7065","    862","   3683","   5155","   1062","    521","    134","    212","   9721","    456","    229","  39084","    207"," 383237","    422","  24969","     84","   8588","    394","    162","  33074","   3058","     46","  10992","    537","   3126","     31"
"map00121.Secondary.bile.acid.biosynthesis"," 10","  6","  0","  0","  0","  0","  0","  0","  0","  3","  0","  8","  0","  0","  1","  0","  7","  0","  0","  4","  0","  0","  0","  2","  0","347","  0","  0","  0","  1"," 73","  0"," 21","  0","  1","316","  0","  0","138","  0"," 39","291","  0"," 71","  2","  0","  0","  1","  0","  0","  0","  0","  0","  0"," 83","  0"," 24","  0","  0","  0"," 11","  0","  0"," 88","  0","  0"," 26","  0","  1","  2"
"map00590.Arachidonic.acid.metabolism","  124","  450","  187","   72","    4","   69","  215","  125","10166","11014","  264","   40","  100","    4","    3","   30","    9","   36","   33","   17","   28","  328","   13","   11","   53","   87","   22","   77","    2","   22","  728","   44","  107","   25","10846","  376","    4","  192","  419","    4","  243","  475","  282","  933","   75","  303","  102","   36","   40","   36","   17","  561","   45","   11","  763","   20"," 5009","   13","  329","   19","  452","   25","    9"," 1335","   50","   35","  234","    6","   37","   14"
"map00740.Riboflavin.metabolism","  565"," 1524"," 1623"," 1586","  634","  660","  612"," 1821","72737","83553","  248","  129","  355","   10","   20","   83","   61","   43","  109","   10","   13","  909","   19","   68","  211"," 3417","   22","  617","   41","    6"," 7956","    3"," 1744","    9","37693"," 1302","   13"," 1087"," 2114","    7"," 1086"," 1443","  819"," 1376","  104","  830","  495","  103","  226","    9","   10"," 2950","   74","   25"," 5604","   29","26489","   58","11723","   31"," 2170","   26","    7"," 4980","  266","    5"," 3574","   88","  903","    8"
"map00983.Drug.metabolism...other.enzymes","   823","  6122","  2030","  3163","   976","  2127","   830","  6595","205082","237136","  1005","   368","   661","    32","   138","   138","   109","    85","   154","    35","    30","  1962","    70","   236","   711","  5105","    53","   914","    89","    29"," 33680","    54","  2306","    30","112267","  1821","    33","  3687","  5355","    16","  2499","  2541","  1644","  3868","   305","  3199","  1599","   287","   382","    49","    48","  6590","   214","    49"," 10933","    80"," 92058","    95"," 18868","    70","  6549","    97","    51"," 29802","  1151","    34","  8582","   116","  1692","    16"
"map00750.Vitamin.B6.metabolism","   502","  2690","   663","   247","   921","  1484","   653","  3739","137104","162773","   595","   253","   382","     7","    38","   111","    70","    40","    33","    14","    10","   867","    38","   110","   282","  2189","    28","   300","    55","    16"," 10399","    12","   735","    28"," 54083","   984","    22","  1585","  4268","     7","  1968","   957","   719","  2155","   165","   746","   929","   146","   156","    29","    39","  2584","    90","    33","  8875","    31"," 45270","    95"," 10297","    32","  3280","    45","    15","  9081","   194","    16","  4817","    80","  1035","     6"
"map00232.Caffeine.metabolism"," 56","  8","  0","  1","  3","  0","  0","  0","  0","  0","  0","  0","  0","  0","  0","  0","  0","  0"," 14","  0","  1","  0","  0","  0","  0"," 24","  0","  0","  0","  0","  2","  0"," 97","  0","  1","  0","  0"," 19","178","  0","  0","  0"," 89","140","  0","  0"," 11","  0","  0","  0","  0"," 36","  0","  0"," 10","  0","  0","  0","  0","  0"," 28","  0","  0","  0"," 29","  0"," 31","  0","  0","  0"
"map00330.Arginine.and.proline.metabolism","  1905","  8495","  4552","  6177","  3787","  4678","  1299","  6442","223829","281408","   485","   368","  1279","    88","   321","   292","   160","   104","   258","    64","    32","  3000","   127","   276","   558"," 13724","    90","   962","   173","    56"," 30725","    95","  5343","    38","226057","  4629","    40","  5157","  8874","    35","  4946","  3354","  5720","  7608","   512","  3580","  1507","   333","   649","    86","    97"," 14642","   199","    85"," 30379","    87"," 65888","   148"," 19417","   120","  6156","   147","   115"," 19095","  1207","    59"," 12517","   263","  3327","    41"
"map00410.beta.Alanine.metabolism","  829"," 2642"," 1837"," 3130","  946"," 2448","  436"," 1258","28610","73970","  146","  129","  753","   44","  146","  144","  169","   39","  137","   47","   19"," 2495","   56","   46","  143","14457","   30","  560","   63","   48"," 8514","   77"," 2076","   16","98096"," 2215","    8"," 2175"," 4107","   21"," 2511"," 2665"," 1771"," 4087","  229"," 1346","  790","  125","  374","   64","   32"," 7672","  191","   55","19945","   63","21153","   74"," 4923","   49"," 3249","   62","   59","10215","  730","   28"," 6837","   97"," 1623","   33"
"map00903.Limonene.and.pinene.degradation","  279","  864","  786"," 1337","  148","  725","  203","  744"," 9035","54638","  122","   97","  301","   14","   33","   79","   78","   33","   54","   28","   10","  860","   27","   27","   59"," 1161","   18","  306","   46","   34"," 2155","   68","  823","    9","85891"," 1113","    2","  916"," 1623","    7","  903","  967","  615"," 1944","  184","  275","  601","   65","  167","   45","   14"," 2903","   82","   38","17545","   40","17177","   40"," 1790","   14"," 1182","   49","   32"," 4176","  299","   20"," 3425","   51","  631","   19"
"map00981.Insect.hormone.biosynthesis","  129","  433","  371","  431","  105","  389","  112","  504"," 8693","53970","  118","   80","  132","   10","   21","   58","   37","   30","   41","   19","   10","  515","   27","   24","   59"," 1080","    8","  219","   46","   32"," 1652","   68","  533","    8","85587","  394","    0","  612","  522","    5","   77","   33","  289","  886","  175","   41","  539","   63","  113","   42","   12"," 1374","   57","   36","17246","   36","17126","   35","  782","   14","  491","   38","   21"," 3864","  233","   17"," 2837","   27","  220","   13"
"map00261.Monobactam.biosynthesis","   446","  3626","  1061","  1437","   417","   888","   301","  2893","121264","150321","   422","   154","   563","    31","    68","    82","    66","    72","    54","    13","    18","   834","    57","    70","   240","  5342","    36","   495","    63","     8"," 15909","    19","  1968","    13"," 59716","   950","    19","  1956","  2418","     3","  2280","  1554","   392","  2363","   172","   640","  1018","   151","   190","    40","    26","  3991","   139","    34","  7549","    68"," 44214","    75"," 20817","    61","  3869","    58","    30"," 13108","   636","    15","  4067","   122","   947","    10"
"map00250.Alanine..aspartate.and.glutamate.metabolism.","   3407","  17825","   5707","   8722","   4014","   4887","   2908","  26959"," 878888","1010837","   2622","   1098","   2670","    119","    588","    560","    406","    343","    566","     92","     71","   5471","    301","    742","   2315","  41277","    160","   3590","    371","     79","  92044","     97","   8006","    103"," 407097","  10363","    161","  10935","  13587","     58","   7482","   9880","   4542","  10823","   1123","   6092","   5534","   1004","   1228","    204","    255","  20138","    667","    218","  43564","    292"," 320507","    461","  62955","    238","  16128","    292","    145","  64424","   3966","     78","  24476","    796","   6478","     44"
"map00760.Nicotinate.and.nicotinamide.metabolism","  1103","  7265","  2690","  3430","  2256","  2029","  1342","  5397","229307","228020","   499","   347","  1203","    36","   219","   128","    86","   118","   220","    27","    31","  2264","    75","   161","   528","  7358","    44","  1196","   100","    21"," 32117","    27","  4010","    58"," 83991","  4859","    40","  3791","  5106","    30","  3216","  4681","  2499","  5612","   244","  2101","  1709","   315","   480","    40","    60","  8577","   203","    55"," 10588","    66"," 94241","   128"," 15051","    97","  4437","   113","    72"," 18819","   650","    32","  8593","   296","  2064","    17"
"map00627.Aminobenzoate.degradation","  506"," 1587","  913"," 1605","  912","  881","  349"," 1366","32040","29626","   48","   92","  388","   22","   55","   67","   35","   11","   59","    8","    2","  637","   18","   19","   67"," 1691","   30","  404","   19","    6"," 3098","    1","  791","    6","10556"," 1115","    6"," 1243"," 2425","   13"," 1468"," 2344","  896"," 1318","   46"," 1283","  236","   47","  216","   10","   11"," 2753","   18","   17"," 3334","    5","10086","   25"," 3106","   18"," 1540","   13","   82"," 1172","  318","    6"," 1782","   37","  795","    7"
"map00220.Arginine.biosynthesis","  1665","  9735","  3920","  3970","  1816","  2389","  1632"," 12971","346194","404064","  1399","   595","  1415","    66","   289","   279","   192","   166","   181","    55","    29","  2979","    91","   365","  1183"," 10619","    62","  1325","   175","    25"," 41514","    60","  4120","    50","193331","  6382","    58","  5250","  8002","    21","  3974","  5811","  2188","  6809","   560","  3991","  2454","   435","   660","   108","    81"," 10793","   332","    86"," 25014","   139","171849","   166"," 23949","    82","  6831","   164","   110"," 26047","  2129","    27"," 10161","   393","  3940","    23"
"map00643.Styrene.degradation","  517"," 1039","  753","  752","  746","  832","  116","  583","13108","14983","   31","    4","  227","    3","   37","   77","   29","   12","   30","    3","    0","   76","    3","    3","   64"," 1400","   17","  173","   18","    4"," 3793","    1","  646","    2"," 3334","  820","    3"," 1051"," 1212","    3","  671","  739","  621"," 1171","   36","  868","  266","   26","  138","    5","    9"," 1573","   25","   11"," 1354","   12"," 4907","   18"," 2452","   10","  514","   12","   20"," 2181","  318","    7"," 1086","   59","  751","    4"
"map00332.Carbapenem.biosynthesis","  158"," 1061","  218","  251","  332","  226","   42"," 1585","55938","56170","   97","   33","    8","   11","   44","   37","    8","   18","   13","    1","    0","   21","   22","   24","  133"," 1499","   10","   67","   25","    2"," 2306","    3","  222","    0","21055","  179","    7","  869","  774","    2","  836","  133","  182","  216","   74","  174","  138","   76","  105","    9","   23"," 1747","   15","    9"," 2027","   12","20830","    9"," 5493","    7","  438","   24","    0"," 2243","  126","    0","  412","   28","  492","    2"
"map00633.Nitrotoluene.degradation","  180","  321","  119","  559","   45","   87","   79","   66"," 3856","17147","   31","   19","   65","    2","    9","   10","    8","    6","    8","    3","    0","   52","    1","   57","   26","   47","    5","   71","   12","    2"," 1846","    4","  267","    2","28531","  423","    2","  252","  346","    1","   71","  130","  107","  617","   49","   51","   38","   30","   37","    4","    2","  706","   36","    7"," 1051","    8","12809","    7","  923","   21","  154","   25","    5"," 2110","   12","    3","  604","   32","   35","    0"
"map00920.Sulfur.metabolism","  2349","  6015","  2606","  4700","  2372","  2466","  1435","  4364","131687","160226","   393","   304","  1349","    65","   201","   286","   134","    60","   203","    28","    23","  2756","    92","   104","   161","  5655","    49","  1466","    89","    19"," 11392","    24","  4362","    30"," 83656","  4108","    42","  4327","  5554","    18","  5104","  5375","  3647","  5823","   245","  2276","  1066","   177","   541","    39","    53","  9876","   241","    33","  8209","    71"," 50850","   120"," 18086","   118","  5409","    87","   102","  7293","   771","    29","  5409","   184","  2774","    11"
"map00440.Phosphonate.and.phosphinate.metabolism"," 295"," 909"," 480"," 291","  36"," 317"," 112"," 269","3372","3970","   8","  23","  85","   8","  83","   4","  19","   3","  18","   2","   1"," 411","   3","   5","  29"," 588","   6","  81","   0","   3"," 575","   2"," 593","   1","1241"," 239","   2"," 326"," 600","   0"," 245"," 211"," 281"," 741","   5"," 290","  73","   9"," 134","   4","   0","1316","   8","   1"," 362","   1","1934","   2","1121","   3","1041","   5","   3"," 161"," 168","   4"," 533","  33"," 430","   0"
"map00240.Pyrimidine.metabolism","  2568"," 14326","  4714","  7550","  4634","  3633","  2956"," 28018","897633","953773","  2191","   957","  2014","   120","   543","   509","   305","   426","   349","    94","    75","  4349","   329","   657","  2302"," 28900","   149","  2262","   367","    55"," 75389","    87","  6118","   116","415562","  7207","   159","  8412"," 11606","    62","  7308","  7114","  4527","  9180","   921","  5576","  5535","  1058","   939","   178","   226"," 18894","   660","   212"," 41507","   199","342305","   402"," 50311","   163"," 16181","   393","   109"," 59194","  3439","    80"," 22119","   568","  4760","    56"
"map00100.Steroid.biosynthesis","  53"," 130","  37","  67","  29","  78","  71","   0","  61","  47","   0","   5","  53","   2","   3","   8","   3","   0","   4","   4","   0","  33","   3","   2","  24","1606","   0","   5","   2","   0","  10","   2","  10","   0","  49"," 188","   0","  77"," 365","   0","  77"," 144"," 109","  47","   1"," 367","  38","   2","   3","   6","   2"," 470","   0","   3","  28","   1","  42","   2"," 119","   0","  64","   1","   0","  15","   2","   3","   4","   0","   0","   0"
"map00860.Porphyrin.metabolism","  2065","  8924","  6143","  5926","  3804","  4784","  1703","  3385","101352","182901","   370","   378","  1751","    45","   215","   218","   222","    59","   257","    42","    20","  3721","    91","   184","   136","  5955","   107","  1804","    91","    29"," 24490","    27","  4875","    56","133279","  7170","    39","  4403"," 12554","    37","  5597","  7472","  4180","  9519","   308","  2809","  1323","   266","   865","    45","    51"," 14872","   313","    60"," 10462","    82"," 55591","   137"," 30336","   116","  7249","   124","   128"," 12490","   763","    32","  9898","   202","  3025","    27"
"map01053.Biosynthesis.of.siderophore.group.nonribosomal.peptides","  231","  917","  520"," 1110","  603","  958","  352","  544","25690","28079","   12","   74","  188","    4","  123","   32","   19","   19","   57","    0","    1","  463","    6","    4","    9","  377","   64","  147","    9","    3"," 8349","    1","  680","   11"," 4686"," 1362","    1","  906","  998","    7"," 1012"," 1160","  191"," 1293","   12","  837","  203","   37","  121","    4","   11"," 2166","    3","    4","  758","   69"," 3148","    9","55864","   66"," 2317","    4","    0","  801","   85","    5"," 1447","   32","  238","    7"
"map00361.Chlorocyclohexane.and.chlorobenzene.degradation"," 479"," 234","  99"," 918"," 120"," 422"," 229"," 357","1059","5320","   8","   2"," 102","   5","  36","  43","   4","   3","  19","   2","   0"," 112","   1","   7","  54"," 222","  10","  40","   8","   2"," 205","   2"," 339","   2","1497"," 508","   1","  73"," 357","   6"," 369"," 296"," 276","1146","  10"," 233"," 182","   6","  87","   2","   6","1245","   5","   2"," 488","   8"," 775","  19","1121","   0"," 967","   5","   3"," 107","  97","   2"," 403","  32"," 195","   0"
"map00364.Fluorobenzoate.degradation"," 293","  61"," 105"," 523"," 138"," 236"," 216"," 382","  42","   6","   5","   3","  94","   4","  25","   5","  30","   2","  51","   0","   0","  40","   0","   7","   4","  85","   3","  22","   5","   1"," 129","   2"," 138","   0"," 368"," 591","   1","  30"," 134","   4"," 393"," 219"," 212"," 718","   2"," 321","  77","   2","  61","   2","   4","1093","   3","   4"," 365","   1","  71","  18"," 389","   0"," 779","   4","   2","  80","  63","   1"," 259","  28","  29","   2"
"map00401.Novobiocin.biosynthesis","  455"," 1251","  435"," 1155","  522","  537","  293"," 2074","51321","51203","   87","   88","  169","    5","   39","   60","   18","   15","   24","   12","    3","  484","   24","   54","  216"," 1146","   21","  280","   16","    3"," 3839","   10","  829","    5","23404","  733","    4","  193"," 1896","    2"," 1231"," 1093","  339"," 1213","   72"," 1289","  198","   48","   63","   11","   16"," 2198","   31","    4"," 2661","   14","12455","   15"," 4425","    5"," 1137","   22","    1"," 3091","  224","    6"," 1404","   54","  317","    6"
"map00592.alpha.Linolenic.acid.metabolism"," 284"," 715"," 307"," 644"," 176"," 230"," 215"," 149"," 127"," 631","   6","   6"," 238","  10","  28","  31","  46","   0","  21","   6","   3"," 722","   0","  11","  21"," 747","   8","  34","   0","   5"," 263","   1","  33","   5"," 211"," 379","   2"," 216","1103","   2"," 542","1149"," 238"," 793","   7"," 497","  67","   5","  52","   4","   7","2094","   2","   3"," 314","   4","   1","   1"," 911","   4"," 555","   5","   2"," 190"," 128","   1"," 327","  50"," 222","   3"
"map01040.Biosynthesis.of.unsaturated.fatty.acids","  48"," 416"," 377"," 822"," 709"," 193","  28","1011","3525","4072","   4","  13"," 172","  12","  30","  17","  11","   2","   3","   7","   3"," 462","   4","   3","  47"," 788","   5"," 143","   3","   6","2148","   3"," 283","   5","2491"," 317","   0"," 458","1298","   2"," 655"," 540","  30"," 812","  13"," 412","  78","   5"," 111","   6","   7","2004","   3","   7"," 668","   3"," 384","   0"," 756","   7","1080","   5","   8"," 751"," 125","   0","1136","  60","  65","   4"
"map00190.Oxidative.phosphorylation","  7034"," 25862"," 17487"," 22484"," 11800"," 15868","  6037"," 25047","719365","776493","  2904","  1639","  5036","   213","   997","   733","   575","   487","   574","   196","   100","  9532","   318","   717","  3035"," 28958","   373","  3402","   324","   138"," 80079","   186"," 16043","   218","411788"," 19626","   186"," 19939"," 32559","   116"," 17120"," 27229"," 19602"," 30169","  1233"," 11657","  6535","   960","  2806","   261","   263"," 42975","  1000","   202"," 41900","   371","258126","   446"," 97165","   487"," 19046","   351","   246"," 65979","  4963","   134"," 27972","   851","  9193","   111"
"map00430.Taurine.and.hypotaurine.metabolism","   489","  3615","   625","   944","   617","  1151","   549","  3156","167295","190874","   374","   218","   477","     9","   191","   120","   111","    53","   132","    10","     8","   572","    48","   119","   507","  4583","    30","   593","    77","    17"," 20015","    13","  1811","    27"," 94136","  1453","    24","  1592","  1572","    10","  1081","  1817","   703","  2085","   233","  1464","   760","   154","   349","    13","    32","  3731","   114","    49"," 12215","    43"," 78707","    70","  4815","    22","  2824","    75","    12","  7564","   607","    14","  3443","   114","   427","     4"
"map00910.Nitrogen.metabolism","  2281"," 11625","  3781","  4243","  3253","  3085","  2069"," 12684","400118","481535","  1381","   537","  1466","    58","   312","   276","   195","   186","   311","    45","    37","  2575","   126","   405","   899"," 11404","   100","  1671","   211","    36"," 53581","    62","  4977","    75","235300","  5971","    83","  5919"," 11138","    22","  4307","  6233","  2833","  6725","   547","  3984","  2642","   499","   708","    99","   110"," 11895","   322","    93"," 27572","   142","145441","   239"," 32172","   107","  7897","   162","   132"," 32580","  2312","    27","  9609","   383","  3553","    22"
"map00470.D.Amino.acid.metabolism","   914","  5576","  1630","  1962","  1269","  2060","   883","  6373","296594","304063","   688","   344","   886","    46","   192","   157","   105","   113","   106","    20","    26","  1860","    97","   191","   675","  6584","    40","   637","   110","    10"," 17648","    22","  3228","    24","134613","  1684","    52","  2497","  5497","     8","  1866","  2310","  1178","  3068","   325","  1403","  1272","   277","   335","    59","    64","  6497","   126","    48"," 14536","    54"," 84074","   131"," 12209","    64","  5480","   121","    37"," 14134","  1069","    22","  5012","   229","  1707","    15"
"map00311.Penicillin.and.cephalosporin.biosynthesis","   28","  207","  115","  661","   84","  404","   77","  221","13192","13599","   51","   24","   58","    2","    5","   11","   10","    3","    1","    4","    1","  230","   10","    9","   10","  109","    4","   60","   14","    1","  840","    0","  103","    1"," 3337","  993","    2","   90","  218","    2","  201","  276","   36","  516","    8","  362","   99","    3","   36","    1","    1","  492","   10","    2","  364","    6"," 4862","   10","  154","    6","   97","    3","    2","  779","   64","    0","  294","    8","  421","    0"
"map00950.Isoquinoline.alkaloid.biosynthesis","  168","  734","  223","  589","  656","  356","  189","  864","12491","14879","   50","   40","  128","   16","   12","   22","   21","   12","   11","   10","    3","  282","   11","   13","   21","  307","   12","   96","   12","    2"," 2539","    7","  318","    3","14289","  327","    7","  583","  809","    2","  603","  390","  372","  654","   39","  703","  124","   24","   31","    6","    6"," 1244","   19","    0"," 1230","    5"," 3766","    2"," 1290","   13","  816","   13","    0"," 2381","   26","    3","  737","   38","  162","    0"
"map00960.Tropane..piperidine.and.pyridine.alkaloid.biosynthesis.","  471"," 1478","  391"," 1081","  592","  755","  256"," 1166","16558","20302","   57","   75","  189","   10","   27","   53","   25","    4","   24","    9","    3","  462","   15","   15","   77","  804","   20","  389","   17","    2"," 3021","    8","  745","    5","15395","  516","    5","  380"," 1624","    2"," 1311"," 1258","  599"," 1062","   41"," 1202","  146","   27","   44","    8","    8"," 2242","   18","    5"," 1845","   11"," 4381","   18"," 3257","   14"," 1225","   16","    0"," 2625","  136","    4","  990","   43","  575","    4"
"map00908.Zeatin.biosynthesis","   15","  148","    2","  151","   86","   87","   65","  377","11756","12717","   40","    9","   47","    4","    8","   13","    6","    2","   12","    0","    2","  100","    6","    8","   18","  179","    0","    6","    2","    0"," 1002","    2","   89","    0"," 4551","    2","    2","  319","  333","    0","  443","   22","   10","   79","   15","    4","  110","   11","   22","    3","    4","  409","   14","    2","  760","    2"," 3127","    4","  725","    2","  207","    4","    0","  230","   36","    0","  343","    2","   22","    0"
"map00670.One.carbon.pool.by.folate","   878","  7085","   915","  2677","  1347","  2130","   566","  6435","318303","324231","   621","   248","   555","    43","    99","   172","   111","   102","   121","    20","    22","  2220","    97","   177","   723","  9985","    54","   831","   127","    32"," 44323","    30","  2031","    13","129822","  1747","    65","  2391","  4436","    32","  2904","  3849","  1615","  4303","   293","  2531","  1262","   392","   405","    43","    59","  8557","   189","    68"," 15219","    58"," 96267","   131"," 14454","    52","  5108","    94","    55"," 23831","  1094","    28"," 11702","   256","  1383","    24"
"map00130.Ubiquinone.and.other.terpenoid.quinone.biosynthesis","  606"," 2239"," 1431"," 1401","  766"," 1561","  832"," 2207","35705","49063","   58","  156","  536","    7","   77","  100","  112","   34","   57","   11","   17"," 1167","   15","   40","   50"," 1756","   25","  782","   18","   12"," 7537","   13"," 1796","   17","17196"," 2470","   10"," 2417"," 3872","   13"," 1794"," 2178"," 1459"," 1380","   45"," 1498","  321","   41","  161","    8","   23"," 4271","   54","    6"," 2401","   23","10952","   55"," 9067","   32"," 2884","   22","   14"," 4986","  544","   14"," 3505","  106"," 1005","    4"
"map00450.Selenocompound.metabolism","   843","  6288","  2434","  4197","  1517","  2374","  1307"," 11895","334896","383395","  1037","   375","   926","    40","   221","   177","    75","   118","   107","    34","    16","  1922","   120","   235","  1025"," 13566","    60","  1484","   148","    31"," 27835","    53","  3103","    37","201665","  2155","    60","  3806","  5061","    28","  2951","  2304","  2684","  3795","   456","  2336","  2160","   418","   392","    61","    77","  7161","   257","   100"," 19468","    87","129329","   146"," 20038","    81","  5021","   149","    62"," 27769","  1740","    32","  8949","   357","  1928","    20"
"map00624.Polycyclic.aromatic.hydrocarbon.degradation","  31"," 249"," 118"," 199","  86"," 248","  21"," 149","   5","  10","   5","  37","  71","   2","   8","  23","   6","  10","   4","   7","   5"," 207","   0","   0","   0"," 109","   0"," 101","   4","   2","  84","   0"," 241","   3"," 112","  37","   0"," 313"," 612","   1"," 106"," 182","  81"," 629","   0"," 227","  21","   0","  25","   5","   2","1059","   0","   2","  75","   2"," 165","   8"," 293","   6"," 106","  10","   0","   2","  49","   0"," 720","   0"," 163","   0"
"map00621.Dioxin.degradation","  32"," 162"," 112","  58","  94"," 122","  69","  66"," 813","2043","   5","  28","  49","   2","   4","  36","   4","   0","   4","   8","   9"," 353","   4","  17","   7"," 284","   0"," 113","   3","   0"," 444","   0"," 198","   2","2588"," 739","   3"," 208"," 295","   2"," 286"," 385"," 129"," 270","   7","  43","  18","  19","  60","   3","   1"," 473","   0","   2"," 305","   2"," 882","   7"," 342","   3"," 608","   6","   4"," 231","   0","   0"," 631","   2","  97","   0"
"map00965.Betalain.biosynthesis"," 51"," 14"," 10"," 25"," 80"," 72","  2"," 58"," 48","190","  0","  4"," 58"," 10","  0","  8","  4"," 12","  9","  4","  0","  0"," 12","  0","  0","  0","  4","  4","  0","  0"," 12","  0"," 61","  0"," 15","  0","  2","357","194","  0","  0"," 76"," 26"," 93","  0"," 23"," 29","  0"," 10","  2","  0","214","  0","  0","  2","  0","  0","  2","115","  1","  3","  0","  0"," 31","  0","  0","  0","  0","  0","  0"
"map00591.Linoleic.acid.metabolism","  2","191"," 52","  0","128","  0"," 90","185","  0"," 70","  2","  5"," 62","  0","  2"," 10"," 15","  0","  0","  0","  0","150","  0","  2","  1","  0","  0","  4","  0","  0"," 23","  0"," 11","  0"," 75"," 67","  0","  7","581","  3","  8","534","143"," 56","  3","300","  0","  4","  0","  0","  0","  0","  0","  2","110","  1","  0","  0","144","  0"," 85","  0","  0","  0","  0","  0","  0","  0","  7","  0"
"map00909.Sesquiterpenoid.and.triterpenoid.biosynthesis","  7","320","  0","  3"," 81","  0"," 27","  2","  0"," 62","  0","  8","  8","  0","  2","  0","  4","  3","  0","  2","  0","  0","  2","  0","  0"," 90","  0","  0","  0","  2"," 28","  0","  0","  0","  0","186","  4"," 60","108","  0","  9"," 74"," 22"," 27","  0"," 10","  0","  0","  2","  0","  0"," 62","  0","  0","  0","  1"," 49","  0","  0","  0","  0","  0","  0"," 12","  2","  2","  0","  0","  0","  0"
"map00906.Carotenoid.biosynthesis"," 18","241"," 77","282","  4","131"," 63","125"," 57","137","  0","  5","170","  1"," 24"," 11","  0","  0","  4","  3","  0","  5","  2","  0"," 12","142","  7"," 14","  5","  0","113","  1","102","  2","  0","498","  3"," 72","127","  2"," 10","258","490","400","  5"," 96","  2","  0"," 22","  0","  0","388","  3","  0"," 45","  2","  2","  0","848","  8","141","  0","  2"," 60","113","  0","536","  7","  0","  1"
"map00940.Phenylpropanoid.biosynthesis"," 155"," 600"," 331"," 483"," 149"," 368"," 244"," 250"," 152"," 285","   8","  47","  56","   4","   0","  28","  20","   2","  19","   3","   5"," 199","   0","   0","   2"," 105","   5","  88","   0","   0"," 194","   0"," 238","   5"," 167"," 521","   1"," 768"," 321","   6"," 457"," 309"," 298"," 542","  10"," 257","   7","   0","  42","   1","   1","1032","   5","   2"," 337","   0","  46","  11"," 217","  10"," 337","   4","   5"," 107","  55","   3"," 329","   6"," 367","   1"
"map00941.Flavonoid.biosynthesis"," 0"," 0"," 0","52"," 0"," 0"," 0"," 0","11","75"," 0"," 0"," 0"," 0"," 0"," 0"," 0"," 0"," 0"," 0"," 0"," 0"," 0"," 0"," 2","11"," 0"," 0"," 0"," 0"," 1"," 0"," 0"," 0"," 2","11"," 0","33"," 0"," 2"," 0"," 0"," 0"," 0"," 0"," 0"," 0"," 0"," 0"," 0"," 0"," 0"," 0"," 0","76"," 0"," 6"," 0"," 0"," 0"," 3"," 0"," 0","35"," 0"," 0","61"," 0"," 0"," 0"
"map00945.Stilbenoid..diarylheptanoid.and.gingerol.biosynthesis."," 0"," 0"," 0","52"," 0"," 0"," 0"," 0","11","75"," 0"," 0"," 0"," 0"," 0"," 0"," 0"," 0"," 0"," 0"," 0"," 0"," 0"," 0"," 2","11"," 0"," 0"," 0"," 0"," 1"," 0"," 0"," 0"," 2","11"," 0","33"," 0"," 2"," 0"," 0"," 0"," 0"," 0"," 0"," 0"," 0"," 0"," 0"," 0"," 0"," 0"," 0","76"," 0"," 6"," 0"," 0"," 0"," 3"," 0"," 0","35"," 0"," 0","61"," 0"," 0"," 0"
"map00460.Cyanoamino.acid.metabolism","  652"," 2041","  748","  891"," 1212"," 1199","  643"," 2464","83284","97364","  494","  168","  550","   26","  164","   67","   60","   48","   64","   12","   14","  680","   36","   62","  367"," 2417","   28","  578","   33","   13","10505","   19"," 1288","   18","35452"," 1020","   10"," 1596"," 2144","   11"," 1357"," 2234","  943"," 1829","  101"," 1831","  609","  171","  311","   19","   26"," 4070","   99","   28"," 5823","   25","37756","   52"," 6199","   42"," 1625","   44","   10"," 6201","  620","   14"," 4450","   94","  998","    2"
"map01051.Biosynthesis.of.ansamycins","  260"," 1796","  727"," 1065","  868","  835","  397"," 2815","80727","81645","  235","   93","  257","   12","   49","   68","   34","   39","   32","    7","    5","  121","   21","   42","  132"," 2159","   22","  367","   28","   13"," 6756","    5","  758","   17","40906"," 1294","    8"," 1508"," 1089","    5"," 1300","  874","  766"," 1190","  110","  774","  382","   72","  132","    7","   12"," 2659","   54","   14"," 4215","   31","31307","   30"," 3455","    3","  950","   29","   17"," 4809","  283","   10"," 1917","   48","  459","    0"
"map00642.Ethylbenzene.degradation"," 281"," 485"," 502"," 605","  94"," 186"," 146"," 186","  53"," 142","   4","   3"," 156","   7","   7","  16","  46","   0","  21","   6","   2"," 543","   0","   7","   2"," 430","   5","  29","   0","   4"," 238","   0","  12","   5"," 127"," 244","   2","   3"," 841","   1"," 468"," 169","  95"," 566","   6","  66","  63","   1","  51","   1","   3","1424","   0","   0"," 195","   3","   1","   1"," 397","   2"," 270","   3","   2"," 185"," 125","   1"," 289","  30"," 222","   1"
"map00600.Sphingolipid.metabolism","  315","  956","  329","  787","  460","  697","  296","  911","27238","47704","  124","   76","  326","   13","   64","   29","   12","    6","   39","    9","    3","  383","    9","   10","   61"," 1765","   17","  229","   19","    4"," 3762","   12","  796","   10","17921"," 1454","   17"," 1644"," 2228","    6","  855","  780","  876","  958","   74"," 1286","  256","   32","  197","   12","   14"," 2105","   55","    5"," 1803","   14"," 9620","   18"," 1999","    7"," 1405","   21","    3"," 3900","  283","    6"," 3107","   27","  743","    1"
"map00540.Lipopolysaccharide.biosynthesis","  985"," 2321"," 1752"," 1647"," 1092"," 1776","  590"," 1927","24968","64386","  180","  136","  457","   15","  134","  112","   91","   30","   99","    3","    9"," 1272","   17","  108","   70"," 1576","   17","  529","   39","    9"," 2429","   16"," 2449","   12","41859"," 1754","   14"," 1643"," 3507","   13"," 1998"," 1573","  968"," 2874","   79","  853","  714","   82","  168","   24","   15"," 3371","  122","   27"," 5804","   19","24775","   32"," 2890","   28"," 1840","   30","   47"," 4450","  489","    5"," 4240","   92"," 2245","   16"
"map00500.Starch.and.sucrose.metabolism","   2081","  13057","   4704","   6565","   3302","   4585","   2228","  23783","1028082"," 978062","   2215","   1250","   2055","    128","    458","    621","    388","    402","    388","     70","     89","   4889","    368","    742","   3187","  87932","     87","   2468","    488","     78","  58913","    113","   6710","     85"," 649081","   4860","    208","   6896","  16787","     44","   6153","   8349","   4972","   8490","   1183","   5089","   5127","   1208","   1389","    196","    306","  15683","    615","    278","  44143","    257"," 511897","    381","  23014","    114","  13208","    521","    187","  52642","   2928","     74","  20974","    552","   3908","     78"
"map00601.Glycosphingolipid.biosynthesis...lacto.and.neolacto.series","0","0","0","0","0","0","0","0","0","0","0","0","0","0","0","0","0","0","0","0","0","0","0","0","0","0","0","0","0","0","0","0","0","0","0","0","0","0","0","0","0","0","0","0","0","0","0","0","0","0","0","0","0","0","0","0","0","0","0","0","0","0","0","0","0","0","0","0","0","0"
"map00510.N.Glycan.biosynthesis"," 114"," 439","  29"," 391","   1"," 324","  77"," 141","7257","9338","  13","  16","   6","   7","  29","   8","   3","   7","   6","   6","   5","  21","   3","  28","   2"," 621","   2","  67","  10","   3","1776","  14"," 121","   1","3566"," 190","   2"," 263"," 898","   1","  49"," 119"," 157"," 452","   5","  61","  42","  10","  10","   6","   2","  96","   6","   2"," 193","   6","1167","   6","1534","   6"," 322","   2","   0"," 608","   1","   3"," 141","   6","  32","   1"
"map00603.Glycosphingolipid.biosynthesis...globo.and.isoglobo.series","  472","  317","  414","   63","   46","  196","  206","  503","10617","30911","   65","   37","   71","   10","   19","   17","    0","    2","    5","    3","    1","  135","    5","    2","    2","  224","    5","   42","   12","    4"," 1294","    6","  438","    9","10614","  230","    7","  618","  811","    3","  378","  371","  549","  476","   21","  258","  194","   14","   66","    8","    8","  960","   27","    3"," 1221","    4"," 1763","   11","  698","    9","  364","   10","    1","  447","  234","    2","  547","   20","  637","    0"
"map00514.Other.types.of.O.glycan.biosynthesis","  15"," 156","  97"," 404"," 115","   2","  88"," 158","3848","3254","   0","  47","  83","   0","   0","   0","   0","   2","   0","   1","   1","   0","   1","  12","  10","  12","   1","  38","   2","   0"," 863","   0"," 230","   0","1185"," 257","   0"," 150","  14","   2"," 173"," 127","  42"," 225","   5"," 102","  25","   5","   9","   0","   0"," 290","   3","   0","  10","   1"," 481","   5"," 579","   0"," 179","   0","   4"," 129","  86","   0"," 199","   2","  21","   1"
"map00515.Mannose.type.O.glycan.biosynthesis","  14","  78","  17"," 388","   3","   2","  75"," 156","4250","3626","   0","  30","  47","   0","   0","   0","   0","   2","   0","   0","   0","   0","   1","  12","  10","  12","   1","  38","   2","   0"," 717","   0"," 230","   0","1098"," 115","   0","  44","  14","   0"," 169","  23","  42","  67","   5","   0","  24","   5","   9","   0","   0"," 225","   3","   0","  27","   1"," 343","   3"," 579","   0"," 177","   0","   4","  93","  70","   0","  67","   2","   2","   1"
"map00532.Glycosaminoglycan.biosynthesis...chondroitin.sulfate...dermatan.sulfate","0","0","0","0","0","0","0","0","0","0","0","0","0","0","0","0","0","0","0","0","0","0","0","0","0","0","0","0","0","0","0","0","0","0","0","0","0","0","0","0","0","0","0","0","0","0","0","0","0","0","0","0","0","0","0","0","0","0","0","0","0","0","0","0","0","0","0","0","0","0"
"map00534.Glycosaminoglycan.biosynthesis...heparan.sulfate...heparin","0","0","0","0","0","0","0","0","0","0","0","0","0","0","0","0","0","0","0","0","0","0","0","0","0","0","0","0","0","0","0","0","0","0","0","0","0","0","0","0","0","0","0","0","0","0","0","0","0","0","0","0","0","0","0","0","0","0","0","0","0","0","0","0","0","0","0","0","0","0"
"map00730.Thiamine.metabolism","   715","  2633","  1659","  2245","  1144","  1714","   906","  4269","199201","221020","   521","   341","   536","    32","   159","   126","   100","    94","   131","    15","    11","  1269","    66","   167","   634","  4419","    37","   985","    95","    11"," 21073","    21","  2452","    26"," 84447","  2393","    36","  2756","  3434","    13","  1921","  2489","   792","  3254","   203","  1568","  1242","   243","   343","    40","    42","  5628","   128","    49"," 16050","    51"," 70654","    85"," 16314","    53","  4789","    87","    37"," 14647","  1150","    10","  4975","   196","  1959","     7"
"map00565.Ether.lipid.metabolism"," 61","540"," 93","  9"," 31","539","197","187","106","104","  7"," 25","219","  3"," 34"," 37","  2","  1"," 19","  1","  4","411","  1","  3"," 26","255","  4","  9","  1","  3"," 88","  1","530","  7","172","105","  0","228","824","  7","308","977","396","207","  4","507","105"," 12"," 68","  2","  2","842","  5","  4","453","  5","248","  3","551"," 15","468","  0","  0"," 14"," 15","  2"," 99","  8","253","  2"
"map00966.Glucosinolate.biosynthesis","  242"," 1284","  320","  389","  293","  640","  341"," 1928","66180","69898","  150","   47","  192","   14","   45","   46","   15","   35","   20","    1","    3","  107","   15","   50","  154"," 1822","   19","  267","   14","    2"," 5016","   16","  933","    4","16053","  321","   20","  891","  700","    6","   28","  480","  209","  853","   57","  498","  421","   57","   49","   10","   13"," 1631","   52","   15"," 3306","   23","32358","   30"," 4739","    5"," 1206","   26","   10"," 6318","  343","    2"," 1146","   44","  236","    1"
"map00524.Neomycin..kanamycin.and.gentamicin.biosynthesis.","  100","  552","  224","   43","  120","  367","   35","  568","33970","40774","   87","   25","   96","    0","   21","   15","   10","    7","    4","    2","    2","  258","    9","   35","  114"," 1816","    3","   20","   13","    9"," 3009","   12","  213","    0","23921","  356","   15","  330","  410","    2","  665","  160","   37","  544","   43","   45","   51","   43","   13","    5","    7"," 1001","   48","   11"," 1216","   11","19695","   16"," 2018","    6","  483","   23","   18"," 3465","   25","    2"," 2691","   12","   82","    3"
"map00525.Acarbose.and.validamycin.biosynthesis","  16638","  93697","  40324","  66658","  38458","  53759","  17133","  20347"," 168106"," 309824","    618","   1513","  10696","    643","   2733","   3042","   1756","    874","   1378","    529","    366","  23714","   1531","    520","   9068"," 239527","   1072","   3036","   2970","    835"," 282723","    220","  24001","    604"," 453392","  56561","    866","  90641","  73678","    618","  50893","  83762","  58317","  93295","   1097","  34994","   3791","    681","   7224","    652","   1148","  82670","    418","   1110","  45458","    379","1298638","    326"," 187073","   1078","  64865","    331","   1084","1037051","  14590","    540"," 201634","   2730","  11415","    352"
"map00563.Glycosylphosphatidylinositol..GPI..anchor.biosynthesis"," 39"," 52"," 35","267","  8"," 94"," 45"," 82","  0","  3","  0","  3"," 21","  0"," 26","  0","  0","  0"," 16","  0","  0"," 27","  0","  0"," 15"," 13","  1"," 30","  0","  0","  6","  0"," 90","  1"," 13","135","  4","227","522","  0"," 37"," 29","  3","138","  2"," 99"," 11","  0","  9","  1","  2","291","  0","  0","  1","  7"," 17","  0"," 47","  2"," 67","  1","  0"," 55","  0","  2"," 10","  2"," 40","  0"
"map00531.Glycosaminoglycan.degradation","  431","  633","  610","  260","  174","  306","  251","  295","10973","12386","   53","   31","  294","    3","   16","   21","    1","    4","    3","    1","    2","  353","    9","    2","    3","  411","    6","    4","   10","    8"," 1099","    8","  631","    6","12483","  458","    5","  724","  869","    5","  376","  671","  290"," 1156","   32","   71","   60","   10","   96","    7","    8"," 1247","   38","    3"," 1146","    8"," 2334","    8","  444","    8","  475","    8","    0","  548","  265","    4","  911","   14","  477","    1"
"map00511.Other.glycan.degradation","  922","  689"," 1219"," 1793","  566","  822","  588"," 1079","46005","52136","  229","  105","  406","    9","   79","   54","   36","    6","   74","   12","    6"," 1041","    7","   33","   79"," 2366","    9","  331","   51","   12"," 5478","   18"," 1017","   10","45164"," 1537","   24"," 1737"," 4682","   20"," 1670"," 1523","  652"," 2248","  132"," 1440","  369","   59","  216","   25","   24"," 2326","  108","   12"," 4408","   27","13494","   38"," 2001","   40"," 2976","   36","   27"," 6498","  675","   11"," 5404","   62"," 1363","    7"
"map00944.Flavone.and.flavonol.biosynthesis"," 18","  0","  0","197","  0"," 38"," 26"," 42"," 83","159","  0","  0"," 35","  0","  0","  0","  0","  0","  0","  0","  0"," 62","  0","  0","  0","106","  3","  0","  0","  1"," 70","  1","169","  0"," 66","112","  0"," 49","312","  0","  0","155","  0"," 44","  0","  2","  0","  0"," 26","  1","  2","327","  0","  0","  0","  0"," 20","  0","  0","  0","129","  0","  0","  0","  0","  1"," 18","  2","  0","  0"
"map00513.Various.types.of.N.glycan.biosynthesis"," 474","  92"," 413","  76","   0","  89"," 178"," 265","9611","8492","  41","  33","  55","   2","  37","  17","   0","   9","   3","   2","   4"," 155","   4","   2","  12"," 150","   2","   5","   8","   4"," 775","  12"," 436","   4","9890","  64","   5"," 429"," 575","   3"," 387"," 262"," 333"," 609","  18","  69","  78","   8","  34","   6","   6"," 678","  27","   1"," 959","   3","1572","   5"," 337","   9"," 236","   8","   0"," 312"," 182","   3"," 513","  12"," 238","   1"
"map00791.Atrazine.degradation","  172","  872","  476","  946","  242","  169","  133","  452"," 4148"," 4602","   43","   21","  171","    6","   57","   37","   73","   12","   18","   11","    1","  534","    0","   76","  141"," 1070","    2","   96","    2","    0","  596","    0","  310","    4"," 2618","  641","    0","  426"," 1190","    2","  319"," 1030","  269"," 1105","   25","   83","  178","   27","  101","    3","    4"," 1712","   11","    2"," 1293","    7","12421","    2","  725","    6","  697","    6","    2","  183","  134","    2","  513","   53","  403","    1"
"map00120.Primary.bile.acid.biosynthesis","  9","169"," 40","233","148","  3"," 56","  0"," 53"," 74","  1"," 21","  0","  1","  3","  0","  1","  1","  2","  9","  0","  9","  0"," 31","  2","361","  2"," 43","  0","  2","106","  3"," 23","  0"," 37","342","  0","  0","447","  0","161","292","107","328","  2","169"," 18","  3","  1","  1","  0"," 41","  4","  2","125","  2"," 27","  2","114","  0","162","  0","  0","110","  0","  0","147","  0","  3","  2"
"map00901.Indole.alkaloid.biosynthesis"," 51","  0","  0","  0","  0","  0","  0","  0","  1","  0","  0","  0","  0","  0","  0","  2","  0"," 12","  0","  0","  0","  0","  0","  0","  0","  0","  2","  0","  0","  0","  0","  0"," 39","  0"," 15","  0","  2","190","  6","  0","  0","  6"," 13","  0","  0","  0","  0","  0","  0","  0","  0","  0","  0","  0","  0","  0","  0","  0","  0","  0","  3","  0","  0"," 30","  0","  0","  0","  0","  0","  0"
"map00405.Phenazine.biosynthesis","   66","  285","  343","  395","   28","   88","  108","  384","19183","17980","    6","    7","   46","    4","    6","   19","    4","    8","    7","    1","    0","  501","    5","   14","   28","  375","    4","   83","    8","    0","  535","    2","  422","    3"," 4326","  168","    1","  581","  336","    0","  371","  113","  127","  504","    6","  212","  122","   17","   15","    1","   12","  450","   23","   10","  409","    8","12390","   10","  742","    6","  230","   10","    0","  575","   10","    0","  349","    7","  448","    8"
"map01055.Biosynthesis.of.vancomycin.group.antibiotics","   82","  390","    6","  210","   23","  281","  133","  622","26845","25041","   49","   12","  111","    0","    6","   28","    8","    3","    0","    0","    2","   93","    8","    2","   30"," 2229","    6","   39","   12","    4"," 3616","    4","   87","    2","17279","  327","    4","  206","  357","    2","  274","  261","   18","  297","   40","  226","   78","   28","   39","    7","    9","  668","   36","    2"," 1262","    7"," 9381","    6","  374","    0","  942","   20","    0"," 2556","   80","    4","  679","   14","  295","    2"
"map01054.Nonribosomal.peptide.structures"," 88","191","  3","194","  2","104","  0"," 11","269","328","  0","  7"," 42","  0","  0","  0","  0","  0"," 10","  0","  0","155","  0","  1","  0","168","  0","  3","  0","  2","  2","  0","368","  1","319"," 92","  0"," 26","375","  0","  0","155","101"," 84","  2","  0"," 24","  0","  2","  0","  0"," 15","  0","  1","102","  0","212","  0","123","  0"," 98","  0","  0","137"," 28","  2","346","  0","366","  0"
"map00984.Steroid.degradation"," 40","442","117","311","  9"," 13"," 18","141"," 56","145","  0","  1"," 73","  3","  3"," 17","  7","  0","  2","  1","  0"," 15","  0","  2","  0","271","  0","104","  5","  1"," 68","  2"," 38","  0","157","326","  1","276"," 13","  0","383","356","153","927","  1","140"," 12","  0"," 36","  0","  2","638","  0","  0"," 17","  3"," 15","  2","175","  8","302","  1","  0","163","  0","  0","304","  1","304","  2"
"map00998.Biosynthesis.of.various.antibiotics","    8","  179","  113","    8","  121","   27","   72","  388","24947","33634","  114","   52","  122","    0","   25","   37","    8","   14","    6","    4","    2","   27","    9","   44","   96","  399","    7","  109","   18","    3","15606","    3","   73","    4","17856","  145","    1","  319","  205","    2","  156","  220","  148","  142","   54","  304","  121","   48","    8","    7","    4","  155","   29","    5"," 1557","    6","18218","   24"," 2596","   12","  573","   18","    2"," 1339","  292","    2","  413","   37","  158","    0"
"map00196.Photosynthesis...antenna.proteins"," 78","  0"," 67","  0","165"," 44","  0","  6","  0"," 82","  0","  0"," 67","  0","  0","  0","  0","  0"," 10","  0","  0","  6","  0","  0","  0"," 17","  1","  0","  0","  0","  8","  0","  0","  0","  0","  0","  0"," 10"," 18","  0","  0","117"," 79","109","  0","  0"," 27","  0","  0","  0","  3","  0","  0","  0","  7","  0","  0","  1","  0","  0","  0","  1","  2","  1","  0","  0"," 13","  0","  0","  2"
"map00195.Photosynthesis"," 43509","135640","123330","180200"," 97313","159374"," 33498"," 66949","499478","528510","  3270","  7077"," 32311","  1306","  5311","  2058","  3687","  1733","  2329","   792","   536"," 63062","   582","  1388","  3394"," 26943","  1553"," 14019","   538","   362"," 67916","   446"," 51906","   834","278040","123781","   680","121270","179232","   785","115129","222224","160383","230590","  2340"," 84664"," 15106","  1484"," 19976","   627","   654","268613","  1105","   728"," 89639","   986","213507","  1171","173505","  1403"," 57961","   508","   608"," 48610"," 15453","   435"," 61571","  3949"," 24771","   438"
"map00542.O.Antigen.repeat.unit.biosynthesis","   98","  732","    1","    3","  100","   26","   16","  338","18515","25599","   40","   26","    3","    3","    3","   15","    7","   10","    3","    2","    5","   42","    4","    9","  114","  515","    2","   70","   11","    0"," 1036","    4","   57","    2","12976","   68","    2","   29","  770","    1","   56","  173","    9","  437","   42","  129","   61","   25","   66","    5","    4","  801","   15","   11","  868","    5","11867","   12"," 1501","    4","  338","   16","    9"," 1172","   94","    4","  371","   15","   24","    0"
"map00572.Arabinogalactan.biosynthesis...Mycobacterium","  208"," 1244","  207","  286","   48","  411","   27","  424","47513","51512","   41","   43","   17","    4","   27","   27","    7","   20","   18","   10","    5","   81","   12","   10","  113","  916","    6","  165","   14","    2"," 3995","    6","  387","    1","19136","  347","   12","  506","  917","    3","  736","  173","   66","  777","   48","  632","  106","   48","   74","    4","    7","  839","   15","   10","  925","   10","13376","   31"," 6297","    9","  690","   20","   13"," 2932","  101","    4","  494","   25","  131","    0"
"map00604.Glycosphingolipid.biosynthesis...ganglio.series"," 404","  71"," 397","  63","   0","  89"," 178"," 253","9216","8313","  43","  29","  54","   2","   9","  17","   0","   2","   2","   2","   1"," 135","   3","   2","   2"," 108","   1","   4","   8","   4"," 734","   4"," 379","   4","9882"," 138","   5"," 427"," 334","   3"," 344"," 262"," 177"," 410","  17","  67","  40","   6","  30","   4","   5"," 618","  27","   0"," 940","   3","1462","   5"," 323","   7"," 140","   8","   0"," 312"," 182","   1"," 505","  11"," 225","   0"
"map00785.Lipoic.acid.metabolism","  236"," 1002","  488","  388","  181","  411","  127"," 1471","64967","55153","   63","   72","   87","    3","   20","   14","    9","   25","   11","    4","    4","  212","   16","   44","  205"," 1842","    8","  102","   21","    3"," 2962","    3","  313","    6","18125","  248","   13","  364","  822","    4","  106","  400","  603","  614","   53","  298","  533","   58","   66","    5","   16"," 1040","   39","    9"," 3106","   13","18534","   16"," 4353","    6","  160","   24","    8"," 1174","   65","    2","  412","   33","  419","    2"
"map00997.Biosynthesis.of.various.other.secondary.metabolites","  48"," 510"," 178","  49"," 113"," 129","  38"," 101"," 670"," 711","   2","  11","  45","   2","  38","  36","   3","   2","   2","   0","   0","  72","   0","   3","   1","  91","   3"," 107","   4","   0"," 240","   2","  91","   2"," 157"," 192","   1"," 382"," 718","   1","  94","  23","   6"," 374","   9","1008","   0","  11","  19","   2","   1"," 219","   0","   0"," 130","   0","   2","   4","1858","  23"," 425","   7","   1","  32","  41","   2","  51","  16"," 425","   0"
"map00904.Diterpenoid.biosynthesis","0","0","0","0","0","0","0","0","0","0","0","0","3","0","0","0","0","0","0","0","0","0","0","0","0","0","0","0","0","0","0","0","0","0","0","0","0","0","0","0","0","0","0","0","0","0","0","0","0","0","0","0","0","0","0","0","0","0","0","0","0","0","0","0","0","0","0","0","0","0"
"map00943.Isoflavonoid.biosynthesis"," 0"," 0"," 0","44"," 0"," 0"," 0"," 0"," 0"," 0"," 0"," 0"," 0"," 0"," 0"," 0"," 0"," 0"," 0"," 0"," 0"," 0"," 0"," 0"," 0"," 0"," 0"," 0"," 0"," 0"," 0"," 0"," 0"," 0"," 0"," 7"," 0"," 0"," 0"," 0"," 0"," 0"," 0"," 0"," 0"," 0"," 0"," 0"," 0"," 0"," 0"," 0"," 0"," 0"," 0"," 0"," 0"," 0"," 0"," 0"," 0"," 0"," 0"," 1"," 0"," 0"," 0"," 0"," 0"," 0"
"map00902.Monoterpenoid.biosynthesis","0","0","0","0","0","0","0","0","0","0","0","0","0","0","0","0","0","0","0","0","0","0","0","0","0","0","0","0","0","0","0","0","0","0","0","0","0","0","0","0","0","0","0","0","0","0","0","0","0","0","0","0","0","0","0","0","0","2","0","0","0","0","0","0","0","0","0","0","0","0"
"map00253.Tetracycline.biosynthesis","  0"," 21"," 29","  0","  0"," 13","  0","  0","  0","  0","  0","  0","  0","  0","  0","  0","  0","  0","  4","  1","  0","  0","  0","  0","  0","  0","  0","  0","  0","  0","  0","  0"," 10","  0","  0","  1","  0","  0","  0","  0","  0"," 71","  0","  0","  0","  0","  0","  0","  0","  0","  0","  0","  0","  0","  0","  0","  0","  0","159","  0","  0","  0","  0","  0","  0","  0","  0","  0","  0","  0"
"map01056.Biosynthesis.of.type.II.polyketide.backbone"," 0"," 0"," 0"," 0"," 0","13"," 0"," 0"," 0"," 0"," 0"," 0"," 0"," 0"," 0"," 0"," 0"," 0"," 0"," 1"," 0"," 0"," 0"," 0"," 0"," 0"," 0"," 0"," 0"," 0"," 0"," 0"," 0"," 0"," 0"," 0"," 0"," 0"," 0"," 0"," 0"," 0"," 0"," 0"," 0"," 0"," 0"," 0"," 0"," 0"," 0"," 0"," 0"," 0"," 0"," 0"," 0"," 0"," 0"," 0"," 0"," 0"," 0"," 0"," 0"," 0"," 0"," 0"," 0"," 0"
"map01057.Biosynthesis.of.type.II.polyketide.products","  0"," 21"," 29","  0","  2","  0","  0","  0","  0","  0","  0","  0","  0","  0","  0","  0","  0","  0","  4","  0","  0","  0","  0","  0","  0","  4","  0","  0","  0","  0","  0","  0"," 10","  0","  0","  1","  0","  0"," 44","  0"," 56"," 71","  0","  0","  0","116","  0","  0","  0","  0","  0","  0","  0","  0","  7","  1","  0","  0","173","  0","  9","  0","  0","  0","  0","  0","  0","  0","  0","  0"
"map00363.Bisphenol.degradation","  0","151","  0"," 16","  0","  0","  0","  0","  0","  0","  0","  0","  0","  0","  1","  0","  0","  0","  0","  0","  0","  0","  2","  0","  0","  0","  0"," 25","  0","  0","  0","  0","  0","  0","  0","  0","  0","  0","  0","  0"," 45","  0","  0","  0","  0"," 11","  0","  0","  2","  0","  0","  0","  0","  0","  0","  1","  0","  3","  0","  0","  0","  0","  0","  0","  0","  0","  0","  0"," 28","  0"
"map00571.Lipoarabinomannan..LAM..biosynthesis","   93","  324","   60","  234","  178","  537","   80","  322","12028","12892","    3","   31","   67","    5","   24","    8","    2","    4","   10","    1","    6","   20","    2","    1","    4","  677","    6","  226","    3","    0"," 1090","    1","  185","    0"," 2874","  234","    5","  326","  544","    0","  210","    6","  243","  857","    5","  403","   61","   13","   22","    2","    4","  742","    7","    0","  257","    7","  801","   30"," 4433","    9","  449","    1","    0","  404","    8","    0","  679","   11","   76","    0"
"map00522.Biosynthesis.of.12...14..and.16.membered.macrolides."," 0"," 0"," 0"," 0"," 0"," 0"," 0"," 0"," 0"," 0"," 0"," 0"," 0"," 0"," 0"," 0"," 0"," 0"," 0"," 0"," 0"," 0"," 0"," 0"," 0"," 0"," 0"," 0"," 0"," 0","31"," 0"," 0"," 0","39"," 3"," 0"," 0"," 1"," 0"," 0"," 0"," 0"," 0"," 1"," 0"," 0"," 0"," 0"," 0"," 0"," 0"," 0"," 0"," 0"," 0","38"," 0"," 0"," 0"," 0"," 0"," 0"," 0"," 0"," 0"," 0"," 0"," 0"," 0"
"map01052.Type.I.polyketide.structures"," 0"," 0"," 0"," 0","24"," 0"," 0"," 0"," 0"," 0"," 0"," 0"," 0"," 0"," 0"," 0"," 0"," 0"," 0"," 0"," 0"," 0"," 0"," 0"," 0","49"," 0"," 0"," 0"," 0"," 0"," 0"," 0"," 0"," 1"," 2"," 0"," 0"," 0"," 0","51"," 0"," 0"," 0"," 0"," 0"," 0"," 0"," 3"," 0"," 0"," 0"," 0"," 0","18"," 0"," 0"," 0"," 3"," 0"," 0"," 0"," 0","18"," 0"," 0"," 0"," 0"," 0"," 0"
"map00254.Aflatoxin.biosynthesis","  0","118","  6","  7","  0"," 89","  0","  2"," 49"," 30","  1","  1","  8","  0","  0","  0","  0","  0","  0","  0","  0","  5","  1","  0"," 70","243","  0","  0","  0","  0","  0","  1"," 13","  2","  2"," 11","  0"," 63","210","  0","  0"," 68"," 90","144","  1"," 86","  2","  0","  5","  3","  0"," 14","  1","  3"," 66","  1","  0","  1"," 10","  0"," 10","  0","  3"," 84","  0","  1"," 47","  0"," 26","  0"
"map00331.Clavulanic.acid.biosynthesis","0","0","0","0","0","8","0","0","0","0","0","0","0","0","0","0","0","0","0","0","0","0","0","0","0","0","0","0","0","0","0","0","0","0","0","0","0","0","0","0","0","0","0","0","0","0","0","0","0","0","0","0","0","0","0","0","0","0","0","0","0","0","0","0","0","0","0","0","0","0"
"map00073.Cutin..suberine.and.wax.biosynthesis.","  0","  0","  0","  0","  0","  0","  0","  0","  0","  0","  0","  0","  0","  0","  0","  0","  0","  0","  0","  0","  0","  0","  0","  0","  0","  0","  0"," 39","  0","  0","  0","  0","  0","  0","  0","  0","  0","  0","  0","  0","  0","  0","  0","  0","  0","  0","  0","  0","  0","  0","  0","  0","  0","  0","  0","  0","  0","  0","  0","  0","  0","  0","  0","110","  0","  0","  0","  0","  0","  0"
"map00404.Staurosporine.biosynthesis"," 56"," 22","  5"," 15"," 43"," 44","  9","  0","  0","  0","  1","  0","  0","  0","  0","  0","  0","  0","  4","  0","  0","  0","  0","  0","  0"," 12","  0"," 68","  0","  0","  0","  0"," 10","  0","  4","  1","  2"," 63","316","  1"," 28","221","  4","320","  0"," 13","  0","  0","  4","  0","  1","  0","  0","  0"," 31","  0","  0","  0","207","  0","  0","  0","  0","  0","  0","  0","  0","  0","  0","  0"
"map01059.Biosynthesis.of.enediyne.antibiotics","  9","  0"," 14","  0"," 37","  1","  0","  7","203"," 23","  0","  0","  3","  0","  0","  2","  1","  0"," 18","  0","  0"," 43","  0","  0","  0","  0","  0","  5","  0","  0","  7","  0","  0","  1"," 32"," 38","  0","  1"," 24","  0","  1","  0"," 26"," 26","  0","  0","  0","  0","  0","  0","  0","126","  0","  0"," 42","  1","  0","  0"," 49","  1","  0","  0","  0","  0","  0","  0","  0","  0","  2","  0"
"map00365.Furfural.degradation","11","16","12"," 0"," 0"," 0","44","11"," 0","26"," 0"," 0","22"," 0"," 0"," 2"," 0"," 0"," 0"," 0"," 0","76"," 0"," 0"," 0","39"," 0"," 4"," 0"," 0"," 0"," 2"," 8"," 0","70","29"," 0","43","20"," 0"," 0"," 6"," 0"," 1"," 0"," 0"," 0"," 1"," 1"," 0"," 0","38"," 0"," 0","36"," 1"," 0"," 6","75"," 0","79"," 0"," 0","52"," 0"," 0","70"," 0"," 0"," 0"
"map00996.Biosynthesis.of.various.alkaloids"," 32","  0","  0","  4","  0","  0","  0","  0","  0","  0","  0","  0","  0","  0","  0","  0","  2","  0","  0","  0","  0","  0","  0","  0","  0","  0","  0","  0","  0","  0","  0","  0","  8","  0","  0","  3","  0","  0","  0","  0","  0","  0","  0","  0","  0","173","  0","  0","  5","  0","  0","  0","  0","  0","  0","  0","  0","  0","  0","  0","  0","  0","  0","  0","  0","  0","  0"," 10","  0","  0"
"map00403.Indole.diterpene.alkaloid.biosynthesis","0","0","0","0","0","0","0","0","0","0","0","0","0","0","0","0","0","0","0","0","0","0","0","0","0","0","0","0","0","0","0","0","0","0","0","0","0","0","0","0","0","0","0","0","0","0","0","3","0","0","0","0","0","0","0","0","0","0","0","0","0","0","0","0","0","0","0","0","0","0"
